Definition: ,Percentage of women who had a live birth in the two years preceding the survey whose first antenatal care visit was at less than 4 months,,,,,,
Denominator,Women who had a live birth in the two (or three/five) years preceding the survey,,,,,,
,,,,,,,
Average:,0.1712961,,National Weighted Average,,18.9,Statcompiler,18.9
,,,,,,,
,,,,,,,
v001,birthsw,anc4mow,,,,,
1,4,3,0.75,,,,
2,4,1,0.25,,,,
3,4,1,0.25,,,,
4,0,0,.,,,,
5,2,0,0,,,,
6,4,3,0.75,,,,
7,3,2,0.666666667,,,,
8,4,2,0.5,,,,
9,4,0,0,,,,
10,4,0,0,,,,
11,4,2,0.5,,,,
12,4,2,0.5,,,,
13,2,0,0,,,,
14,0,0,.,,,,
15,2,0,0,,,,
16,2,1,0.5,,,,
17,8,2,0.25,,,,
18,12,3,0.25,,,,
19,0,0,.,,,,
20,2,0,0,,,,
21,4,1,0.25,,,,
22,5,0,0,,,,
23,3,1,0.333333333,,,,
24,6,5,0.833333333,,,,
25,3,0,0,,,,
26,2,0,0,,,,
27,5,2,0.4,,,,
28,3,2,0.666666667,,,,
29,7,2,0.285714286,,,,
30,4,1,0.25,,,,
31,2,0,0,,,,
32,5,3,0.6,,,,
33,3,1,0.333333333,,,,
34,0,0,.,,,,
35,2,0,0,,,,
36,5,1,0.2,,,,
37,1,1,1,,,,
38,2,1,0.5,,,,
39,0,0,.,,,,
40,8,0,0,,,,
41,7,2,0.285714286,,,,
42,4,2,0.5,,,,
43,4,1,0.25,,,,
44,7,2,0.285714286,,,,
45,3,1,0.333333333,,,,
46,5,2,0.4,,,,
47,1,1,1,,,,
48,7,1,0.142857143,,,,
49,3,2,0.666666667,,,,
50,4,0,0,,,,
51,3,0,0,,,,
52,12,4,0.333333333,,,,
53,1,0,0,,,,
54,1,1,1,,,,
55,3,2,0.666666667,,,,
56,1,1,1,,,,
57,3,0,0,,,,
58,2,0,0,,,,
59,3,0,0,,,,
60,1,0,0,,,,
61,7,0,0,,,,
62,1,0,0,,,,
63,5,0,0,,,,
64,6,1,0.166666667,,,,
65,3,2,0.666666667,,,,
66,7,0,0,,,,
67,2,0,0,,,,
68,1,0,0,,,,
69,4,0,0,,,,
70,2,0,0,,,,
71,3,1,0.333333333,,,,
72,3,0,0,,,,
73,6,2,0.333333333,,,,
74,2,1,0.5,,,,
75,6,1,0.166666667,,,,
76,4,0,0,,,,
77,10,1,0.1,,,,
78,3,2,0.666666667,,,,
79,2,0,0,,,,
80,3,0,0,,,,
81,3,1,0.333333333,,,,
82,4,0,0,,,,
83,2,0,0,,,,
84,4,1,0.25,,,,
85,0,0,.,,,,
86,3,0,0,,,,
87,6,1,0.166666667,,,,
88,4,0,0,,,,
89,6,2,0.333333333,,,,
90,6,0,0,,,,
91,3,0,0,,,,
92,2,1,0.5,,,,
93,2,0,0,,,,
94,3,0,0,,,,
95,4,2,0.5,,,,
96,5,1,0.2,,,,
97,3,1,0.333333333,,,,
98,6,1,0.166666667,,,,
99,7,2,0.285714286,,,,
100,1,0,0,,,,
101,1,0,0,,,,
102,2,0,0,,,,
103,2,0,0,,,,
104,5,1,0.2,,,,
105,1,0,0,,,,
106,0,0,.,,,,
107,4,1,0.25,,,,
108,4,3,0.75,,,,
109,1,0,0,,,,
110,2,0,0,,,,
111,3,1,0.333333333,,,,
112,3,0,0,,,,
113,2,0,0,,,,
114,3,0,0,,,,
115,3,1,0.333333333,,,,
116,7,3,0.428571429,,,,
117,0,0,.,,,,
118,9,4,0.444444444,,,,
119,2,1,0.5,,,,
120,1,0,0,,,,
121,4,1,0.25,,,,
122,3,1,0.333333333,,,,
123,6,1,0.166666667,,,,
124,1,0,0,,,,
125,1,0,0,,,,
126,3,0,0,,,,
127,1,0,0,,,,
128,3,2,0.666666667,,,,
129,4,0,0,,,,
130,2,0,0,,,,
131,2,0,0,,,,
132,2,2,1,,,,
133,2,0,0,,,,
134,0,0,.,,,,
135,3,0,0,,,,
136,2,0,0,,,,
137,4,1,0.25,,,,
138,3,2,0.666666667,,,,
139,2,0,0,,,,
140,2,2,1,,,,
141,2,0,0,,,,
142,1,1,1,,,,
143,2,1,0.5,,,,
144,1,1,1,,,,
145,2,0,0,,,,
146,2,0,0,,,,
147,3,2,0.666666667,,,,
148,3,1,0.333333333,,,,
149,3,0,0,,,,
150,3,0,0,,,,
151,1,0,0,,,,
152,3,0,0,,,,
153,2,0,0,,,,
154,3,0,0,,,,
155,1,0,0,,,,
156,5,1,0.2,,,,
157,3,0,0,,,,
158,4,3,0.75,,,,
159,3,1,0.333333333,,,,
160,2,1,0.5,,,,
161,3,0,0,,,,
162,2,1,0.5,,,,
163,2,2,1,,,,
164,2,0,0,,,,
165,1,0,0,,,,
166,4,0,0,,,,
167,4,1,0.25,,,,
168,1,0,0,,,,
169,7,4,0.571428571,,,,
170,1,0,0,,,,
171,4,2,0.5,,,,
172,6,1,0.166666667,,,,
173,5,1,0.2,,,,
174,5,0,0,,,,
175,1,0,0,,,,
176,7,0,0,,,,
177,1,0,0,,,,
178,2,0,0,,,,
179,1,0,0,,,,
180,3,0,0,,,,
181,4,1,0.25,,,,
182,5,0,0,,,,
183,2,0,0,,,,
184,2,1,0.5,,,,
185,2,0,0,,,,
186,4,0,0,,,,
187,7,2,0.285714286,,,,
188,3,0,0,,,,
189,1,0,0,,,,
190,1,0,0,,,,
191,5,2,0.4,,,,
192,2,0,0,,,,
193,2,1,0.5,,,,
194,3,0,0,,,,
195,0,0,.,,,,
196,2,0,0,,,,
197,4,1,0.25,,,,
198,4,0,0,,,,
199,6,4,0.666666667,,,,
200,7,3,0.428571429,,,,
201,3,1,0.333333333,,,,
202,3,0,0,,,,
203,5,2,0.4,,,,
204,0,0,.,,,,
205,4,1,0.25,,,,
206,6,3,0.5,,,,
207,1,0,0,,,,
208,3,1,0.333333333,,,,
209,1,0,0,,,,
210,2,0,0,,,,
211,3,2,0.666666667,,,,
212,0,0,.,,,,
213,3,1,0.333333333,,,,
214,5,0,0,,,,
215,2,1,0.5,,,,
216,4,0,0,,,,
217,3,2,0.666666667,,,,
218,1,1,1,,,,
219,1,0,0,,,,
220,4,1,0.25,,,,
221,7,2,0.285714286,,,,
222,4,1,0.25,,,,
223,3,0,0,,,,
224,9,0,0,,,,
225,2,1,0.5,,,,
226,3,1,0.333333333,,,,
227,3,0,0,,,,
228,1,0,0,,,,
229,3,0,0,,,,
230,1,0,0,,,,
231,4,1,0.25,,,,
232,2,0,0,,,,
233,7,2,0.285714286,,,,
234,1,0,0,,,,
235,2,0,0,,,,
236,0,0,.,,,,
237,7,1,0.142857143,,,,
238,2,1,0.5,,,,
239,3,1,0.333333333,,,,
240,5,1,0.2,,,,
241,2,0,0,,,,
242,1,0,0,,,,
243,6,2,0.333333333,,,,
244,4,0,0,,,,
245,8,0,0,,,,
246,1,1,1,,,,
247,6,1,0.166666667,,,,
248,6,2,0.333333333,,,,
249,2,1,0.5,,,,
250,1,0,0,,,,
251,3,0,0,,,,
252,2,1,0.5,,,,
253,2,1,0.5,,,,
254,0,0,.,,,,
255,2,0,0,,,,
256,5,2,0.4,,,,
257,3,1,0.333333333,,,,
258,4,1,0.25,,,,
259,5,0,0,,,,
260,6,2,0.333333333,,,,
261,6,1,0.166666667,,,,
262,2,2,1,,,,
263,3,3,1,,,,
264,5,0,0,,,,
265,3,0,0,,,,
266,4,1,0.25,,,,
267,1,0,0,,,,
268,1,0,0,,,,
269,12,1,0.083333333,,,,
270,7,0,0,,,,
271,7,2,0.285714286,,,,
272,4,0,0,,,,
273,2,0,0,,,,
274,8,0,0,,,,
275,6,2,0.333333333,,,,
276,5,0,0,,,,
277,12,0,0,,,,
278,7,2,0.285714286,,,,
279,7,1,0.142857143,,,,
280,11,0,0,,,,
281,14,1,0.071428571,,,,
282,5,1,0.2,,,,
283,7,0,0,,,,
284,2,0,0,,,,
285,2,0,0,,,,
286,6,3,0.5,,,,
287,2,0,0,,,,
288,4,0,0,,,,
289,1,0,0,,,,
290,1,0,0,,,,
291,3,1,0.333333333,,,,
292,3,1,0.333333333,,,,
293,13,1,0.076923077,,,,
294,5,0,0,,,,
295,3,0,0,,,,
296,12,2,0.166666667,,,,
297,11,0,0,,,,
298,1,0,0,,,,
299,10,1,0.1,,,,
300,9,1,0.111111111,,,,
301,4,0,0,,,,
302,7,1,0.142857143,,,,
303,2,0,0,,,,
304,2,0,0,,,,
305,2,0,0,,,,
306,5,2,0.4,,,,
307,1,1,1,,,,
308,11,2,0.181818182,,,,
309,1,0,0,,,,
310,6,2,0.333333333,,,,
311,8,1,0.125,,,,
312,10,1,0.1,,,,
313,11,2,0.181818182,,,,
314,6,0,0,,,,
315,3,1,0.333333333,,,,
316,8,1,0.125,,,,
317,6,0,0,,,,
318,6,1,0.166666667,,,,
319,3,2,0.666666667,,,,
320,2,2,1,,,,
321,5,2,0.4,,,,
322,14,1,0.071428571,,,,
323,6,0,0,,,,
324,4,0,0,,,,
325,5,0,0,,,,
326,3,1,0.333333333,,,,
327,6,1,0.166666667,,,,
328,8,1,0.125,,,,
329,8,2,0.25,,,,
330,11,2,0.181818182,,,,
331,19,3,0.157894737,,,,
332,11,1,0.090909091,,,,
333,10,0,0,,,,
334,15,3,0.2,,,,
335,3,0,0,,,,
336,8,0,0,,,,
338,6,4,0.666666667,,,,
339,6,1,0.166666667,,,,
340,10,0,0,,,,
341,9,0,0,,,,
342,11,0,0,,,,
343,10,0,0,,,,
344,17,0,0,,,,
345,5,0,0,,,,
346,14,2,0.142857143,,,,
347,6,1,0.166666667,,,,
348,4,0,0,,,,
349,6,0,0,,,,
350,7,1,0.142857143,,,,
351,1,0,0,,,,
352,5,1,0.2,,,,
353,11,4,0.363636364,,,,
354,11,4,0.363636364,,,,
355,9,0,0,,,,
356,8,2,0.25,,,,
357,13,1,0.076923077,,,,
358,10,1,0.1,,,,
359,9,3,0.333333333,,,,
360,12,2,0.166666667,,,,
361,10,1,0.1,,,,
362,16,2,0.125,,,,
363,6,0,0,,,,
364,13,0,0,,,,
365,6,3,0.5,,,,
366,6,1,0.166666667,,,,
367,6,0,0,,,,
368,1,0,0,,,,
369,5,1,0.2,,,,
370,4,0,0,,,,
371,7,2,0.285714286,,,,
372,6,1,0.166666667,,,,
373,4,0,0,,,,
374,1,0,0,,,,
375,5,0,0,,,,
376,3,0,0,,,,
377,3,0,0,,,,
378,0,0,.,,,,
379,1,0,0,,,,
380,3,0,0,,,,
381,5,0,0,,,,
382,1,0,0,,,,
383,3,1,0.333333333,,,,
384,2,0,0,,,,
385,3,0,0,,,,
386,3,0,0,,,,
387,2,0,0,,,,
388,4,1,0.25,,,,
389,2,1,0.5,,,,
390,1,0,0,,,,
391,5,2,0.4,,,,
392,1,0,0,,,,
393,10,0,0,,,,
394,14,1,0.071428571,,,,
395,8,0,0,,,,
396,6,0,0,,,,
397,5,1,0.2,,,,
398,3,1,0.333333333,,,,
399,4,0,0,,,,
400,3,0,0,,,,
401,3,0,0,,,,
402,1,0,0,,,,
403,2,1,0.5,,,,
404,2,0,0,,,,
405,0,0,.,,,,
406,4,0,0,,,,
407,6,3,0.5,,,,
408,4,3,0.75,,,,
409,4,0,0,,,,
410,3,0,0,,,,
411,6,0,0,,,,
412,5,1,0.2,,,,
413,4,0,0,,,,
414,2,0,0,,,,
415,5,1,0.2,,,,
416,6,0,0,,,,
417,1,0,0,,,,
418,3,1,0.333333333,,,,
419,4,0,0,,,,
420,5,0,0,,,,
421,2,0,0,,,,
422,1,0,0,,,,
424,2,0,0,,,,
425,6,0,0,,,,
426,3,0,0,,,,
427,6,0,0,,,,
428,2,1,0.5,,,,
429,4,2,0.5,,,,
430,8,0,0,,,,
431,4,1,0.25,,,,
432,7,1,0.142857143,,,,
433,6,1,0.166666667,,,,
434,4,1,0.25,,,,
435,4,0,0,,,,
436,9,0,0,,,,
437,9,2,0.222222222,,,,
438,6,0,0,,,,
439,7,0,0,,,,
440,5,1,0.2,,,,
441,1,0,0,,,,
442,5,1,0.2,,,,
443,5,0,0,,,,
444,3,0,0,,,,
445,10,0,0,,,,
446,8,0,0,,,,
447,9,2,0.222222222,,,,
448,5,0,0,,,,
449,8,0,0,,,,
450,6,1,0.166666667,,,,
451,11,0,0,,,,
452,6,0,0,,,,
453,4,0,0,,,,
454,7,1,0.142857143,,,,
455,3,0,0,,,,
456,0,0,.,,,,
457,6,0,0,,,,
458,5,1,0.2,,,,
459,4,2,0.5,,,,
460,5,0,0,,,,
461,0,0,.,,,,
462,11,4,0.363636364,,,,
463,6,0,0,,,,
464,6,0,0,,,,
465,9,1,0.111111111,,,,
466,4,3,0.75,,,,
467,2,0,0,,,,
468,2,2,1,,,,
469,6,1,0.166666667,,,,
470,6,2,0.333333333,,,,
471,6,0,0,,,,
472,5,0,0,,,,
473,5,1,0.2,,,,
474,5,1,0.2,,,,
475,5,0,0,,,,
476,8,0,0,,,,
477,14,2,0.142857143,,,,
478,6,1,0.166666667,,,,
479,10,3,0.3,,,,
480,5,1,0.2,,,,
481,7,0,0,,,,
482,6,1,0.166666667,,,,
483,7,0,0,,,,
484,9,0,0,,,,
485,12,1,0.083333333,,,,
486,7,1,0.142857143,,,,
487,6,1,0.166666667,,,,
489,6,0,0,,,,
490,7,1,0.142857143,,,,
491,8,0,0,,,,
492,9,2,0.222222222,,,,
493,7,1,0.142857143,,,,
494,5,0,0,,,,
495,3,0,0,,,,
496,0,0,.,,,,
497,1,0,0,,,,
498,3,0,0,,,,
499,4,0,0,,,,
500,3,1,0.333333333,,,,
501,3,0,0,,,,
502,5,0,0,,,,
503,1,0,0,,,,
504,5,0,0,,,,
505,4,0,0,,,,
506,1,0,0,,,,
507,5,0,0,,,,
508,4,1,0.25,,,,
509,0,0,.,,,,
510,4,3,0.75,,,,
511,3,1,0.333333333,,,,
512,5,1,0.2,,,,
513,3,0,0,,,,
514,3,1,0.333333333,,,,
515,4,0,0,,,,
516,7,1,0.142857143,,,,
517,4,2,0.5,,,,
518,2,0,0,,,,
519,4,1,0.25,,,,
520,4,1,0.25,,,,
521,3,0,0,,,,
522,3,1,0.333333333,,,,
523,5,0,0,,,,
524,5,0,0,,,,
525,3,0,0,,,,
526,4,0,0,,,,
527,4,2,0.5,,,,
528,3,0,0,,,,
529,1,1,1,,,,
530,5,0,0,,,,
531,5,0,0,,,,
532,2,0,0,,,,
533,2,0,0,,,,
534,0,0,.,,,,
535,3,0,0,,,,
536,3,0,0,,,,
537,5,0,0,,,,
538,1,0,0,,,,
539,4,1,0.25,,,,
540,1,0,0,,,,
541,5,0,0,,,,
542,2,0,0,,,,
543,2,0,0,,,,
544,2,1,0.5,,,,
545,4,2,0.5,,,,
546,6,1,0.166666667,,,,
547,5,0,0,,,,
548,1,1,1,,,,
549,1,0,0,,,,
550,1,0,0,,,,
551,0,0,.,,,,
552,1,1,1,,,,
553,3,0,0,,,,
554,1,0,0,,,,
555,3,2,0.666666667,,,,
556,2,0,0,,,,
557,8,1,0.125,,,,
558,4,0,0,,,,
559,7,0,0,,,,
560,4,1,0.25,,,,
561,8,3,0.375,,,,
562,4,0,0,,,,
563,3,0,0,,,,
564,0,0,.,,,,
565,5,1,0.2,,,,
566,5,3,0.6,,,,
567,3,0,0,,,,
568,4,3,0.75,,,,
569,1,0,0,,,,
570,1,0,0,,,,
571,6,0,0,,,,
572,3,0,0,,,,
573,4,0,0,,,,
574,2,0,0,,,,
575,3,0,0,,,,
576,2,0,0,,,,
577,6,0,0,,,,
578,3,0,0,,,,
579,2,0,0,,,,
580,4,0,0,,,,
581,3,2,0.666666667,,,,
582,4,1,0.25,,,,
583,2,0,0,,,,
584,0,0,.,,,,
585,2,0,0,,,,
586,5,0,0,,,,
587,2,0,0,,,,
588,9,3,0.333333333,,,,
589,8,2,0.25,,,,
590,4,1,0.25,,,,
591,3,0,0,,,,
592,4,0,0,,,,
593,5,0,0,,,,
594,5,0,0,,,,
595,3,0,0,,,,
596,3,0,0,,,,
597,5,0,0,,,,
598,3,0,0,,,,
599,2,1,0.5,,,,
600,3,1,0.333333333,,,,
601,8,1,0.125,,,,
602,3,1,0.333333333,,,,
603,3,0,0,,,,
604,3,1,0.333333333,,,,
605,4,1,0.25,,,,
606,10,1,0.1,,,,
607,6,0,0,,,,
608,4,0,0,,,,
609,4,0,0,,,,
610,2,1,0.5,,,,
611,2,0,0,,,,
612,5,0,0,,,,
613,1,0,0,,,,
614,6,0,0,,,,
615,9,1,0.111111111,,,,
616,12,1,0.083333333,,,,
617,7,0,0,,,,
618,3,0,0,,,,
619,1,0,0,,,,
620,4,0,0,,,,
621,3,0,0,,,,
622,4,0,0,,,,
623,5,1,0.2,,,,
624,5,1,0.2,,,,
625,3,0,0,,,,
626,5,0,0,,,,
627,13,2,0.153846154,,,,
628,6,0,0,,,,
629,4,0,0,,,,
630,1,0,0,,,,
631,5,2,0.4,,,,
632,2,0,0,,,,
633,2,1,0.5,,,,
634,6,2,0.333333333,,,,
635,2,0,0,,,,
636,6,1,0.166666667,,,,
637,4,1,0.25,,,,
638,8,2,0.25,,,,
639,2,1,0.5,,,,
640,3,1,0.333333333,,,,
641,3,0,0,,,,
642,8,1,0.125,,,,
643,6,1,0.166666667,,,,
644,2,0,0,,,,
645,4,0,0,,,,
646,5,0,0,,,,
647,6,2,0.333333333,,,,
648,4,0,0,,,,
649,9,1,0.111111111,,,,
650,7,0,0,,,,
651,5,1,0.2,,,,
652,4,0,0,,,,
653,6,0,0,,,,
654,5,0,0,,,,
655,5,1,0.2,,,,
656,4,1,0.25,,,,
657,3,0,0,,,,
658,4,1,0.25,,,,
659,7,0,0,,,,
660,3,0,0,,,,
661,2,0,0,,,,
662,5,2,0.4,,,,
663,5,0,0,,,,
664,3,1,0.333333333,,,,
665,8,0,0,,,,
666,5,2,0.4,,,,
667,2,0,0,,,,
668,6,0,0,,,,
669,6,0,0,,,,
670,2,2,1,,,,
671,0,0,.,,,,
672,5,2,0.4,,,,
673,4,0,0,,,,
674,6,2,0.333333333,,,,
675,5,1,0.2,,,,
676,7,4,0.571428571,,,,
677,2,0,0,,,,
678,3,0,0,,,,
679,5,1,0.2,,,,
680,4,0,0,,,,
681,11,4,0.363636364,,,,
682,5,2,0.4,,,,
683,2,1,0.5,,,,
684,3,2,0.666666667,,,,
685,7,1,0.142857143,,,,
686,2,0,0,,,,
687,3,0,0,,,,
688,0,0,.,,,,
689,5,0,0,,,,
690,3,0,0,,,,
691,7,3,0.428571429,,,,
692,7,1,0.142857143,,,,
693,4,1,0.25,,,,
694,4,1,0.25,,,,
695,2,0,0,,,,
696,3,1,0.333333333,,,,
697,4,1,0.25,,,,
698,2,1,0.5,,,,
699,3,0,0,,,,
700,7,3,0.428571429,,,,
701,1,1,1,,,,
702,9,2,0.222222222,,,,
703,7,0,0,,,,
704,8,2,0.25,,,,
705,7,1,0.142857143,,,,
706,6,2,0.333333333,,,,
707,7,2,0.285714286,,,,
708,8,1,0.125,,,,
709,4,0,0,,,,
710,8,4,0.5,,,,
712,7,0,0,,,,
713,3,0,0,,,,
714,10,0,0,,,,
715,8,1,0.125,,,,
716,7,2,0.285714286,,,,
717,7,0,0,,,,
718,10,1,0.1,,,,
719,12,1,0.083333333,,,,
720,9,0,0,,,,
721,4,2,0.5,,,,
722,7,0,0,,,,
724,8,1,0.125,,,,
726,5,0,0,,,,
727,6,0,0,,,,
728,9,1,0.111111111,,,,
729,8,4,0.5,,,,
730,2,0,0,,,,
731,8,1,0.125,,,,
732,7,1,0.142857143,,,,
733,3,0,0,,,,
734,12,0,0,,,,
735,11,0,0,,,,
736,8,1,0.125,,,,
737,8,5,0.625,,,,
738,8,2,0.25,,,,
739,9,0,0,,,,
741,6,0,0,,,,
742,5,1,0.2,,,,
743,9,1,0.111111111,,,,
744,6,1,0.166666667,,,,
745,13,0,0,,,,
746,0,0,.,,,,
747,6,1,0.166666667,,,,
748,9,2,0.222222222,,,,
749,6,1,0.166666667,,,,
750,10,0,0,,,,
751,7,0,0,,,,
752,9,2,0.222222222,,,,
753,11,2,0.181818182,,,,
754,10,0,0,,,,
755,13,1,0.076923077,,,,
756,7,2,0.285714286,,,,
757,9,0,0,,,,
760,5,1,0.2,,,,
761,7,0,0,,,,
762,6,1,0.166666667,,,,
764,9,0,0,,,,
766,7,2,0.285714286,,,,
768,4,0,0,,,,
769,3,0,0,,,,
770,8,0,0,,,,
771,3,0,0,,,,
772,1,0,0,,,,
773,2,0,0,,,,
774,4,1,0.25,,,,
775,7,3,0.428571429,,,,
776,5,1,0.2,,,,
777,0,0,.,,,,
778,2,0,0,,,,
779,10,0,0,,,,
780,0,0,.,,,,
781,7,1,0.142857143,,,,
782,1,0,0,,,,
783,4,0,0,,,,
784,8,0,0,,,,
785,6,0,0,,,,
786,1,0,0,,,,
787,1,0,0,,,,
788,5,3,0.6,,,,
789,6,0,0,,,,
790,8,1,0.125,,,,
791,4,0,0,,,,
792,6,0,0,,,,
793,6,2,0.333333333,,,,
794,5,0,0,,,,
795,2,0,0,,,,
796,6,0,0,,,,
797,4,0,0,,,,
798,6,0,0,,,,
799,8,1,0.125,,,,
801,2,0,0,,,,
802,4,0,0,,,,
803,5,1,0.2,,,,
804,3,0,0,,,,
805,4,2,0.5,,,,
806,4,0,0,,,,
807,4,1,0.25,,,,
808,6,0,0,,,,
809,5,1,0.2,,,,
810,5,0,0,,,,
811,4,0,0,,,,
812,6,2,0.333333333,,,,
813,4,1,0.25,,,,
814,6,2,0.333333333,,,,
815,5,1,0.2,,,,
816,5,2,0.4,,,,
817,6,2,0.333333333,,,,
818,4,2,0.5,,,,
819,6,0,0,,,,
820,8,1,0.125,,,,
821,4,0,0,,,,
822,8,3,0.375,,,,
823,5,3,0.6,,,,
824,4,2,0.5,,,,
825,2,0,0,,,,
826,5,1,0.2,,,,
827,5,1,0.2,,,,
828,2,0,0,,,,
829,5,1,0.2,,,,
830,4,2,0.5,,,,
831,6,1,0.166666667,,,,
832,9,4,0.444444444,,,,
833,9,1,0.111111111,,,,
834,6,3,0.5,,,,
835,7,1,0.142857143,,,,
836,4,3,0.75,,,,
837,2,0,0,,,,
838,3,1,0.333333333,,,,
839,5,3,0.6,,,,
840,3,0,0,,,,
841,1,0,0,,,,
842,4,1,0.25,,,,
843,7,1,0.142857143,,,,
844,3,2,0.666666667,,,,
845,3,0,0,,,,
846,6,1,0.166666667,,,,
847,4,2,0.5,,,,
848,4,2,0.5,,,,
849,2,0,0,,,,
850,6,3,0.5,,,,
851,6,1,0.166666667,,,,
852,7,2,0.285714286,,,,
853,10,2,0.2,,,,
854,2,0,0,,,,
855,6,1,0.166666667,,,,
856,7,3,0.428571429,,,,
857,2,0,0,,,,
858,7,1,0.142857143,,,,
859,9,2,0.222222222,,,,
860,3,1,0.333333333,,,,
861,2,0,0,,,,
862,3,1,0.333333333,,,,
863,4,0,0,,,,
864,3,0,0,,,,
865,7,5,0.714285714,,,,
866,4,1,0.25,,,,
867,4,0,0,,,,
868,11,4,0.363636364,,,,
869,9,0,0,,,,
870,8,1,0.125,,,,
871,5,1,0.2,,,,
872,6,1,0.166666667,,,,
873,7,2,0.285714286,,,,
874,9,1,0.111111111,,,,
875,7,1,0.142857143,,,,
876,5,1,0.2,,,,
877,12,2,0.166666667,,,,
878,9,1,0.111111111,,,,
879,7,1,0.142857143,,,,
880,5,2,0.4,,,,
881,6,1,0.166666667,,,,
882,5,2,0.4,,,,
883,9,0,0,,,,
884,5,1,0.2,,,,
885,2,1,0.5,,,,
886,7,1,0.142857143,,,,
887,9,1,0.111111111,,,,
888,5,2,0.4,,,,
889,6,0,0,,,,
890,11,0,0,,,,
891,8,2,0.25,,,,
892,12,3,0.25,,,,
893,5,2,0.4,,,,
894,11,3,0.272727273,,,,
895,5,1,0.2,,,,
896,8,1,0.125,,,,
897,7,2,0.285714286,,,,
898,3,0,0,,,,
899,10,0,0,,,,
900,8,3,0.375,,,,
901,7,1,0.142857143,,,,
902,9,1,0.111111111,,,,
903,8,0,0,,,,
904,10,4,0.4,,,,
905,8,0,0,,,,
906,3,0,0,,,,
907,5,2,0.4,,,,
908,5,1,0.2,,,,
909,1,1,1,,,,
910,7,3,0.428571429,,,,
911,5,2,0.4,,,,
912,9,1,0.111111111,,,,
913,2,0,0,,,,
914,7,1,0.142857143,,,,
915,7,0,0,,,,
916,5,1,0.2,,,,
917,7,2,0.285714286,,,,
918,8,2,0.25,,,,
919,11,5,0.454545455,,,,
920,9,1,0.111111111,,,,
921,5,2,0.4,,,,
922,8,2,0.25,,,,
923,7,2,0.285714286,,,,
924,10,3,0.3,,,,
925,8,1,0.125,,,,
926,9,1,0.111111111,,,,
927,7,3,0.428571429,,,,
928,4,1,0.25,,,,
929,5,1,0.2,,,,
930,7,3,0.428571429,,,,
931,10,3,0.3,,,,
932,3,0,0,,,,
933,8,2,0.25,,,,
934,5,0,0,,,,
935,6,3,0.5,,,,
936,5,1,0.2,,,,
937,11,5,0.454545455,,,,
938,6,2,0.333333333,,,,
939,6,1,0.166666667,,,,
940,3,0,0,,,,
941,2,0,0,,,,
942,5,1,0.2,,,,
943,4,0,0,,,,
944,4,1,0.25,,,,
945,5,1,0.2,,,,
946,7,2,0.285714286,,,,
947,3,0,0,,,,
948,6,0,0,,,,
949,4,2,0.5,,,,
950,6,1,0.166666667,,,,
951,1,0,0,,,,
952,6,2,0.333333333,,,,
953,5,0,0,,,,
954,5,2,0.4,,,,
955,7,0,0,,,,
956,6,0,0,,,,
957,5,1,0.2,,,,
958,2,0,0,,,,
959,3,1,0.333333333,,,,
960,4,1,0.25,,,,
961,2,1,0.5,,,,
962,10,1,0.1,,,,
963,8,0,0,,,,
964,4,0,0,,,,
965,3,0,0,,,,
966,4,2,0.5,,,,
967,6,2,0.333333333,,,,
968,3,2,0.666666667,,,,
969,3,0,0,,,,
970,7,2,0.285714286,,,,
971,5,0,0,,,,
972,6,3,0.5,,,,
973,6,1,0.166666667,,,,
974,4,0,0,,,,
975,10,0,0,,,,
976,3,0,0,,,,
977,7,1,0.142857143,,,,
978,1,0,0,,,,
979,3,0,0,,,,
980,4,0,0,,,,
981,2,0,0,,,,
982,4,0,0,,,,
983,0,0,.,,,,
984,8,2,0.25,,,,
985,3,0,0,,,,
986,9,1,0.111111111,,,,
987,2,0,0,,,,
988,2,0,0,,,,
989,4,0,0,,,,
990,6,0,0,,,,
991,4,0,0,,,,
992,3,0,0,,,,
993,6,0,0,,,,
994,3,0,0,,,,
995,3,1,0.333333333,,,,
996,4,3,0.75,,,,
997,4,0,0,,,,
998,6,1,0.166666667,,,,
999,2,1,0.5,,,,
1000,7,1,0.142857143,,,,
1001,2,0,0,,,,
1002,9,0,0,,,,
1003,5,1,0.2,,,,
1004,3,1,0.333333333,,,,
1005,3,1,0.333333333,,,,
1006,6,0,0,,,,
1007,0,0,.,,,,
1008,2,0,0,,,,
1009,5,1,0.2,,,,
1010,8,1,0.125,,,,
1011,6,0,0,,,,
1012,10,2,0.2,,,,
1013,12,0,0,,,,
1014,10,2,0.2,,,,
1015,5,0,0,,,,
1016,3,0,0,,,,
1017,8,0,0,,,,
1018,3,1,0.333333333,,,,
1019,5,2,0.4,,,,
1020,10,0,0,,,,
1021,1,0,0,,,,
1022,6,1,0.166666667,,,,
1023,9,0,0,,,,
1024,7,2,0.285714286,,,,
1025,8,3,0.375,,,,
1026,4,0,0,,,,
1027,9,7,0.777777778,,,,
1028,5,1,0.2,,,,
1029,7,1,0.142857143,,,,
1030,7,1,0.142857143,,,,
1031,3,1,0.333333333,,,,
1032,11,3,0.272727273,,,,
1034,10,1,0.1,,,,
1035,10,1,0.1,,,,
1036,3,0,0,,,,
1037,11,4,0.363636364,,,,
1038,6,0,0,,,,
1039,5,0,0,,,,
1040,5,2,0.4,,,,
1041,8,0,0,,,,
1042,4,2,0.5,,,,
1043,5,0,0,,,,
1044,11,0,0,,,,
1045,2,0,0,,,,
1046,6,0,0,,,,
1047,4,0,0,,,,
1048,6,0,0,,,,
1049,9,0,0,,,,
1050,8,2,0.25,,,,
1051,13,0,0,,,,
1052,9,0,0,,,,
1053,8,1,0.125,,,,
1054,8,1,0.125,,,,
1055,8,0,0,,,,
1056,9,0,0,,,,
1058,11,0,0,,,,
1059,13,0,0,,,,
1060,11,0,0,,,,
1061,4,0,0,,,,
1062,14,0,0,,,,
1063,8,0,0,,,,
1064,9,1,0.111111111,,,,
1065,10,0,0,,,,
1067,7,1,0.142857143,,,,
1068,10,2,0.2,,,,
1069,4,0,0,,,,
1070,7,0,0,,,,
1071,7,1,0.142857143,,,,
1072,6,1,0.166666667,,,,
1073,8,1,0.125,,,,
1074,3,0,0,,,,
1075,3,2,0.666666667,,,,
1076,9,3,0.333333333,,,,
1077,8,2,0.25,,,,
1078,10,2,0.2,,,,
1079,7,3,0.428571429,,,,
1080,7,0,0,,,,
1081,13,3,0.230769231,,,,
1082,12,1,0.083333333,,,,
1083,10,7,0.7,,,,
1084,13,4,0.307692308,,,,
1085,8,2,0.25,,,,
1086,13,1,0.076923077,,,,
1087,8,3,0.375,,,,
1088,7,2,0.285714286,,,,
1089,5,1,0.2,,,,
1090,5,2,0.4,,,,
1091,6,1,0.166666667,,,,
1092,4,0,0,,,,
1093,9,0,0,,,,
1094,8,2,0.25,,,,
1095,8,0,0,,,,
1096,3,1,0.333333333,,,,
1097,8,3,0.375,,,,
1098,2,0,0,,,,
1099,12,6,0.5,,,,
1100,9,2,0.222222222,,,,
1101,4,0,0,,,,
1103,11,0,0,,,,
1104,5,2,0.4,,,,
1105,3,0,0,,,,
1106,7,0,0,,,,
1107,6,5,0.833333333,,,,
1108,7,1,0.142857143,,,,
1109,4,1,0.25,,,,
1110,4,1,0.25,,,,
1111,1,0,0,,,,
1112,2,0,0,,,,
1113,2,0,0,,,,
1114,4,0,0,,,,
1115,3,1,0.333333333,,,,
1116,4,0,0,,,,
1117,4,0,0,,,,
1118,6,0,0,,,,
1119,3,0,0,,,,
1120,6,2,0.333333333,,,,
1121,5,1,0.2,,,,
1122,7,0,0,,,,
1123,5,1,0.2,,,,
1124,6,2,0.333333333,,,,
1125,6,0,0,,,,
1126,8,1,0.125,,,,
1127,6,0,0,,,,
1128,6,0,0,,,,
1129,8,1,0.125,,,,
1130,5,0,0,,,,
1131,5,1,0.2,,,,
1132,9,0,0,,,,
1133,7,1,0.142857143,,,,
1134,9,0,0,,,,
1135,8,3,0.375,,,,
1136,7,4,0.571428571,,,,
1137,10,1,0.1,,,,
1138,5,3,0.6,,,,
1139,5,2,0.4,,,,
1140,1,0,0,,,,
1141,5,0,0,,,,
1142,6,0,0,,,,
1143,5,0,0,,,,
1144,5,0,0,,,,
1145,1,0,0,,,,
1146,4,0,0,,,,
1147,6,2,0.333333333,,,,
1148,5,0,0,,,,
1149,9,3,0.333333333,,,,
1150,4,0,0,,,,
1151,11,0,0,,,,
1152,2,0,0,,,,
1153,10,1,0.1,,,,
1154,6,0,0,,,,
1155,14,0,0,,,,
1156,4,0,0,,,,
1157,11,4,0.363636364,,,,
1158,4,1,0.25,,,,
1159,10,0,0,,,,
1160,6,0,0,,,,
1161,4,0,0,,,,
1162,4,0,0,,,,
1163,4,0,0,,,,
1164,4,0,0,,,,
1165,1,0,0,,,,
1166,7,0,0,,,,
1167,10,0,0,,,,
1168,5,1,0.2,,,,
1169,7,1,0.142857143,,,,
1170,4,1,0.25,,,,
1171,9,1,0.111111111,,,,
1172,6,2,0.333333333,,,,
1173,4,0,0,,,,
1174,6,1,0.166666667,,,,
1175,6,1,0.166666667,,,,
1176,5,0,0,,,,
1177,6,2,0.333333333,,,,
1178,4,2,0.5,,,,
1179,7,2,0.285714286,,,,
1180,2,0,0,,,,
1181,3,3,1,,,,
1182,6,2,0.333333333,,,,
1183,4,0,0,,,,
1184,4,0,0,,,,
1185,4,0,0,,,,
1186,1,0,0,,,,
1187,5,1,0.2,,,,
1188,4,2,0.5,,,,
1189,7,0,0,,,,
1190,5,0,0,,,,
1191,2,0,0,,,,
1192,2,0,0,,,,
1193,2,0,0,,,,
1194,5,2,0.4,,,,
1195,9,1,0.111111111,,,,
1196,8,0,0,,,,
1197,6,0,0,,,,
1198,5,0,0,,,,
1199,7,0,0,,,,
1200,5,1,0.2,,,,
1201,5,1,0.2,,,,
1202,1,0,0,,,,
1203,4,0,0,,,,
1204,4,2,0.5,,,,
1205,4,0,0,,,,
1206,6,0,0,,,,
1207,1,0,0,,,,
1208,7,1,0.142857143,,,,
1209,4,1,0.25,,,,
1210,5,0,0,,,,
1212,8,0,0,,,,
1213,11,0,0,,,,
1214,7,0,0,,,,
1215,6,0,0,,,,
1216,3,0,0,,,,
1217,3,0,0,,,,
1218,5,2,0.4,,,,
1219,4,0,0,,,,
1220,4,0,0,,,,
1221,5,1,0.2,,,,
1222,7,0,0,,,,
1223,5,0,0,,,,
1224,4,1,0.25,,,,
1225,3,0,0,,,,
1226,4,0,0,,,,
1227,4,1,0.25,,,,
1228,2,0,0,,,,
1229,11,4,0.363636364,,,,
1230,4,0,0,,,,
1231,8,1,0.125,,,,
1232,5,0,0,,,,
1233,7,0,0,,,,
1234,5,1,0.2,,,,
1235,7,1,0.142857143,,,,
1236,2,0,0,,,,
1237,8,1,0.125,,,,
1238,6,0,0,,,,
1239,7,2,0.285714286,,,,
1240,5,1,0.2,,,,
1241,7,1,0.142857143,,,,
1242,9,1,0.111111111,,,,
1243,6,3,0.5,,,,
1244,1,0,0,,,,
1245,8,0,0,,,,
1246,7,1,0.142857143,,,,
1247,2,1,0.5,,,,
1248,7,0,0,,,,
1249,4,0,0,,,,
1250,5,0,0,,,,
1251,4,0,0,,,,
1252,3,0,0,,,,
1253,6,1,0.166666667,,,,
1254,9,0,0,,,,
1255,5,2,0.4,,,,
1256,4,1,0.25,,,,
1257,1,0,0,,,,
1258,4,0,0,,,,
1259,10,1,0.1,,,,
1260,4,0,0,,,,
1261,7,0,0,,,,
1262,5,0,0,,,,
1263,8,0,0,,,,
1264,3,0,0,,,,
1265,7,0,0,,,,
1266,5,1,0.2,,,,
1267,4,1,0.25,,,,
1268,9,0,0,,,,
1269,10,1,0.1,,,,
1270,7,1,0.142857143,,,,
1272,8,2,0.25,,,,
1273,3,0,0,,,,
1274,3,1,0.333333333,,,,
1275,3,0,0,,,,
1276,5,0,0,,,,
1277,4,0,0,,,,
1278,3,0,0,,,,
1279,3,1,0.333333333,,,,
1280,12,1,0.083333333,,,,
1281,3,0,0,,,,
1282,2,2,1,,,,
1283,5,1,0.2,,,,
1284,6,2,0.333333333,,,,
1285,6,2,0.333333333,,,,
1286,4,1,0.25,,,,
1287,2,2,1,,,,
1288,0,0,.,,,,
1289,2,0,0,,,,
1290,3,0,0,,,,
1291,4,0,0,,,,
1292,15,0,0,,,,
1293,3,0,0,,,,
1294,4,1,0.25,,,,
1295,4,0,0,,,,
1296,6,0,0,,,,
1297,12,2,0.166666667,,,,
1298,4,0,0,,,,
1299,3,0,0,,,,
1300,6,1,0.166666667,,,,
1301,5,1,0.2,,,,
1302,7,1,0.142857143,,,,
1303,4,0,0,,,,
1304,4,1,0.25,,,,
1305,3,2,0.666666667,,,,
1306,2,0,0,,,,
1307,5,1,0.2,,,,
1308,3,0,0,,,,
1309,5,0,0,,,,
1310,4,3,0.75,,,,
1311,3,2,0.666666667,,,,
1312,1,1,1,,,,
1313,5,0,0,,,,
1314,5,0,0,,,,
1315,7,0,0,,,,
1316,3,1,0.333333333,,,,
1317,6,0,0,,,,
1318,2,1,0.5,,,,
1319,5,1,0.2,,,,
1320,3,1,0.333333333,,,,
1321,3,1,0.333333333,,,,
1322,3,0,0,,,,
1323,4,1,0.25,,,,
1324,12,3,0.25,,,,
1325,4,0,0,,,,
1326,1,1,1,,,,
1327,2,0,0,,,,
1328,1,1,1,,,,
1329,5,2,0.4,,,,
1330,7,1,0.142857143,,,,
1331,7,0,0,,,,
1332,9,0,0,,,,
1333,8,0,0,,,,
1334,8,0,0,,,,
1335,8,0,0,,,,
1336,5,1,0.2,,,,
1337,6,1,0.166666667,,,,
1338,3,1,0.333333333,,,,
1339,11,1,0.090909091,,,,
1340,7,0,0,,,,
1341,9,1,0.111111111,,,,
1342,4,3,0.75,,,,
1343,2,0,0,,,,
1344,1,0,0,,,,
1345,5,2,0.4,,,,
1346,5,2,0.4,,,,
1347,3,0,0,,,,
1348,13,0,0,,,,
1349,9,0,0,,,,
1350,7,0,0,,,,
1351,3,1,0.333333333,,,,
1352,10,2,0.2,,,,
1353,12,2,0.166666667,,,,
1354,7,0,0,,,,
1355,8,0,0,,,,
1356,9,0,0,,,,
1357,8,3,0.375,,,,
1358,5,2,0.4,,,,
1359,4,0,0,,,,
1360,13,2,0.153846154,,,,
1361,10,2,0.2,,,,
1362,12,0,0,,,,
1363,9,1,0.111111111,,,,
1364,11,2,0.181818182,,,,
1365,9,0,0,,,,
1366,11,3,0.272727273,,,,
1367,5,0,0,,,,
1368,1,1,1,,,,
1369,5,1,0.2,,,,
1370,7,4,0.571428571,,,,
1371,9,3,0.333333333,,,,
1372,13,2,0.153846154,,,,
1373,7,0,0,,,,
1374,14,1,0.071428571,,,,
1375,9,3,0.333333333,,,,
1376,8,5,0.625,,,,
1377,8,2,0.25,,,,
1378,12,3,0.25,,,,
1379,3,0,0,,,,
1380,2,0,0,,,,
1381,6,1,0.166666667,,,,
1382,14,2,0.142857143,,,,
1383,13,4,0.307692308,,,,
1384,9,2,0.222222222,,,,
1385,1,0,0,,,,
1386,8,3,0.375,,,,
1387,8,3,0.375,,,,
1388,12,0,0,,,,
1389,3,1,0.333333333,,,,
1390,2,0,0,,,,
1391,4,1,0.25,,,,
1392,4,1,0.25,,,,
1393,2,0,0,,,,
1394,10,3,0.3,,,,
1395,11,1,0.090909091,,,,
1396,6,1,0.166666667,,,,
1397,1,1,1,,,,
1398,3,0,0,,,,
1399,4,1,0.25,,,,
1400,5,2,0.4,,,,
1401,3,2,0.666666667,,,,
1402,8,4,0.5,,,,
1403,3,1,0.333333333,,,,
1404,4,2,0.5,,,,
1405,2,1,0.5,,,,
1406,2,1,0.5,,,,
1407,5,3,0.6,,,,
1408,5,4,0.8,,,,
1409,4,0,0,,,,
1410,4,0,0,,,,
1411,7,2,0.285714286,,,,
1412,5,1,0.2,,,,
1413,3,0,0,,,,
1414,5,1,0.2,,,,
1415,7,1,0.142857143,,,,
1416,3,0,0,,,,
1417,3,1,0.333333333,,,,
1418,3,0,0,,,,
1419,5,2,0.4,,,,
1420,4,1,0.25,,,,
1421,6,1,0.166666667,,,,
1422,4,0,0,,,,
1423,7,1,0.142857143,,,,
1424,4,1,0.25,,,,
1425,8,0,0,,,,
1426,1,0,0,,,,
1427,9,0,0,,,,
1428,7,1,0.142857143,,,,
1429,4,0,0,,,,
1430,7,0,0,,,,
1431,7,0,0,,,,
1432,3,1,0.333333333,,,,
1433,12,0,0,,,,
1434,4,0,0,,,,
1435,4,0,0,,,,
1436,3,0,0,,,,
1437,3,1,0.333333333,,,,
1438,10,1,0.1,,,,
1439,4,2,0.5,,,,
1440,9,0,0,,,,
1441,2,1,0.5,,,,
1442,6,1,0.166666667,,,,
1443,7,1,0.142857143,,,,
1444,3,1,0.333333333,,,,
1445,7,0,0,,,,
1446,1,0,0,,,,
1447,7,1,0.142857143,,,,
1448,7,0,0,,,,
1449,4,1,0.25,,,,
1450,7,1,0.142857143,,,,
1451,1,0,0,,,,
1452,1,1,1,,,,
1453,5,1,0.2,,,,
1454,5,0,0,,,,
1455,6,1,0.166666667,,,,
1456,13,2,0.153846154,,,,
1457,5,1,0.2,,,,
1458,5,1,0.2,,,,
1459,4,0,0,,,,
1460,3,0,0,,,,
1461,12,1,0.083333333,,,,
1462,3,0,0,,,,
1463,5,1,0.2,,,,
1464,5,2,0.4,,,,
1465,9,0,0,,,,
1466,10,2,0.2,,,,
1467,6,1,0.166666667,,,,
1468,12,3,0.25,,,,
1469,9,0,0,,,,
1470,7,0,0,,,,
1471,3,0,0,,,,
1472,8,1,0.125,,,,
1473,7,1,0.142857143,,,,
1474,5,3,0.6,,,,
1475,5,2,0.4,,,,
1476,3,0,0,,,,
1477,5,1,0.2,,,,
1478,3,2,0.666666667,,,,
1479,6,1,0.166666667,,,,
1480,5,1,0.2,,,,
1481,3,1,0.333333333,,,,
1482,1,0,0,,,,
1483,4,2,0.5,,,,
1484,6,1,0.166666667,,,,
1485,9,0,0,,,,
1486,4,2,0.5,,,,
1487,3,0,0,,,,
1488,8,0,0,,,,
1489,3,0,0,,,,
1490,6,0,0,,,,
1491,5,1,0.2,,,,
1492,3,1,0.333333333,,,,
1493,5,2,0.4,,,,
1494,3,1,0.333333333,,,,
1495,4,0,0,,,,
1496,4,2,0.5,,,,
1497,5,0,0,,,,
1498,4,1,0.25,,,,
1499,6,1,0.166666667,,,,
1500,4,3,0.75,,,,
1501,4,0,0,,,,
1502,4,2,0.5,,,,
1503,5,1,0.2,,,,
1504,2,1,0.5,,,,
1505,7,1,0.142857143,,,,
1506,8,1,0.125,,,,
1507,6,1,0.166666667,,,,
1508,7,0,0,,,,
1509,4,2,0.5,,,,
1510,3,0,0,,,,
1511,1,0,0,,,,
1512,1,0,0,,,,
1513,6,1,0.166666667,,,,
1514,3,0,0,,,,
1515,3,1,0.333333333,,,,
1516,1,0,0,,,,
1517,5,2,0.4,,,,
1518,2,0,0,,,,
1519,6,0,0,,,,
1520,3,0,0,,,,
1521,4,1,0.25,,,,
1522,6,3,0.5,,,,
1523,6,2,0.333333333,,,,
1524,8,2,0.25,,,,
1525,4,1,0.25,,,,
1526,3,0,0,,,,
1527,5,2,0.4,,,,
1528,3,0,0,,,,
1529,4,1,0.25,,,,
1530,2,1,0.5,,,,
1531,5,0,0,,,,
1532,7,4,0.571428571,,,,
1533,7,4,0.571428571,,,,
1534,5,0,0,,,,
1535,4,2,0.5,,,,
1536,4,1,0.25,,,,
1537,7,2,0.285714286,,,,
1538,7,0,0,,,,
1539,2,0,0,,,,
1540,5,1,0.2,,,,
1541,11,1,0.090909091,,,,
1542,5,3,0.6,,,,
1543,4,0,0,,,,
1544,3,1,0.333333333,,,,
1545,7,4,0.571428571,,,,
1546,4,2,0.5,,,,
1547,10,4,0.4,,,,
1548,5,0,0,,,,
1549,9,1,0.111111111,,,,
1550,8,1,0.125,,,,
1551,9,2,0.222222222,,,,
1552,3,0,0,,,,
1553,10,2,0.2,,,,
1554,7,0,0,,,,
1555,8,3,0.375,,,,
1556,4,1,0.25,,,,
1557,11,1,0.090909091,,,,
1558,1,0,0,,,,
1559,6,3,0.5,,,,
1560,5,0,0,,,,
1561,2,0,0,,,,
1562,8,2,0.25,,,,
1563,7,2,0.285714286,,,,
1564,6,1,0.166666667,,,,
1565,6,0,0,,,,
1566,2,1,0.5,,,,
1567,5,3,0.6,,,,
1568,12,3,0.25,,,,
1569,8,1,0.125,,,,
1570,2,0,0,,,,
1571,7,0,0,,,,
1572,13,3,0.230769231,,,,
1573,10,1,0.1,,,,
1574,4,1,0.25,,,,
1575,8,1,0.125,,,,
1576,5,1,0.2,,,,
1577,5,0,0,,,,
1578,6,2,0.333333333,,,,
1579,5,0,0,,,,
1580,4,0,0,,,,
1581,3,1,0.333333333,,,,
1582,9,0,0,,,,
1583,7,1,0.142857143,,,,
1584,4,1,0.25,,,,
1585,5,1,0.2,,,,
1586,6,0,0,,,,
1587,5,1,0.2,,,,
1588,7,1,0.142857143,,,,
1589,9,0,0,,,,
1590,5,1,0.2,,,,
1591,12,3,0.25,,,,
1592,2,1,0.5,,,,
1593,6,2,0.333333333,,,,
1594,8,0,0,,,,
1595,7,1,0.142857143,,,,
1596,6,1,0.166666667,,,,
1597,3,1,0.333333333,,,,
1598,4,0,0,,,,
1599,7,0,0,,,,
1600,4,1,0.25,,,,
1601,4,2,0.5,,,,
1602,7,1,0.142857143,,,,
1603,2,0,0,,,,
1604,7,0,0,,,,
1605,7,3,0.428571429,,,,
1606,3,0,0,,,,
1607,9,2,0.222222222,,,,
1608,7,0,0,,,,
1609,4,0,0,,,,
1610,9,3,0.333333333,,,,
1611,8,1,0.125,,,,
1612,5,0,0,,,,
,8191,1335,0.1712961,,,,
