Definition: ,Percentage of women with a live birth or a stillbirth in the last 2 years who took iron tablets or syrup during their most recent pregnancy.,,,,,,,
Denominator,Women who have had a live birth or a stillbirth in the 2 years preceding the survey ,,,,,,,
,,,,,,,,
Average,0.710867403,,National weighted average,,71.9,,DHS report,70.5
,,,,,,,,
,,,,,,,,
,,,,,,,,
v001,birthsw,ironsuppl,,,,,,
1,4,2,0.5,,,,,
2,4,5,1.25,,,,,
3,4,6,1.5,,,,,
4,0,1,.,,,,,
5,2,2,1,,,,,
6,4,3,0.75,,,,,
7,3,2,0.666666667,,,,,
8,4,4,1,,,,,
9,4,3,0.75,,,,,
10,4,5,1.25,,,,,
11,4,4,1,,,,,
12,4,1,0.25,,,,,
13,2,1,0.5,,,,,
14,0,0,.,,,,,
15,2,1,0.5,,,,,
16,2,1,0.5,,,,,
17,8,2,0.25,,,,,
18,12,5,0.416666667,,,,,
19,0,2,.,,,,,
20,2,2,1,,,,,
21,4,3,0.75,,,,,
22,5,2,0.4,,,,,
23,3,3,1,,,,,
24,6,6,1,,,,,
25,3,3,1,,,,,
26,2,3,1.5,,,,,
27,5,2,0.4,,,,,
28,3,2,0.666666667,,,,,
29,7,4,0.571428571,,,,,
30,4,2,0.5,,,,,
31,2,1,0.5,,,,,
32,5,3,0.6,,,,,
33,3,2,0.666666667,,,,,
34,0,0,.,,,,,
35,2,2,1,,,,,
36,5,4,0.8,,,,,
37,1,2,2,,,,,
38,2,2,1,,,,,
39,0,0,.,,,,,
40,8,7,0.875,,,,,
41,7,1,0.142857143,,,,,
42,4,5,1.25,,,,,
43,4,4,1,,,,,
44,7,3,0.428571429,,,,,
45,3,4,1.333333333,,,,,
46,5,2,0.4,,,,,
47,1,3,3,,,,,
48,7,4,0.571428571,,,,,
49,3,1,0.333333333,,,,,
50,4,3,0.75,,,,,
51,3,2,0.666666667,,,,,
52,12,8,0.666666667,,,,,
53,1,1,1,,,,,
54,1,1,1,,,,,
55,3,1,0.333333333,,,,,
56,1,3,3,,,,,
57,3,0,0,,,,,
58,2,1,0.5,,,,,
59,3,1,0.333333333,,,,,
60,1,1,1,,,,,
61,7,2,0.285714286,,,,,
62,1,2,2,,,,,
63,5,5,1,,,,,
64,6,3,0.5,,,,,
65,3,5,1.666666667,,,,,
66,7,2,0.285714286,,,,,
67,2,2,1,,,,,
68,1,1,1,,,,,
69,4,2,0.5,,,,,
70,2,2,1,,,,,
71,3,2,0.666666667,,,,,
72,3,4,1.333333333,,,,,
73,6,1,0.166666667,,,,,
74,2,2,1,,,,,
75,6,3,0.5,,,,,
76,4,3,0.75,,,,,
77,10,5,0.5,,,,,
78,3,2,0.666666667,,,,,
79,2,1,0.5,,,,,
80,3,3,1,,,,,
81,3,2,0.666666667,,,,,
82,4,2,0.5,,,,,
83,2,3,1.5,,,,,
84,4,1,0.25,,,,,
85,0,1,.,,,,,
86,3,3,1,,,,,
87,6,3,0.5,,,,,
88,4,6,1.5,,,,,
89,6,1,0.166666667,,,,,
90,6,3,0.5,,,,,
91,3,1,0.333333333,,,,,
92,2,3,1.5,,,,,
93,2,0,0,,,,,
94,3,2,0.666666667,,,,,
95,4,5,1.25,,,,,
96,5,4,0.8,,,,,
97,3,1,0.333333333,,,,,
98,6,5,0.833333333,,,,,
99,7,7,1,,,,,
100,1,1,1,,,,,
101,1,2,2,,,,,
102,2,4,2,,,,,
103,2,1,0.5,,,,,
104,5,2,0.4,,,,,
105,1,2,2,,,,,
106,0,1,.,,,,,
107,4,1,0.25,,,,,
108,4,2,0.5,,,,,
109,1,2,2,,,,,
110,2,2,1,,,,,
111,3,3,1,,,,,
112,3,1,0.333333333,,,,,
113,2,1,0.5,,,,,
114,3,3,1,,,,,
115,3,3,1,,,,,
116,7,3,0.428571429,,,,,
117,0,3,.,,,,,
118,9,5,0.555555556,,,,,
119,2,1,0.5,,,,,
120,1,2,2,,,,,
121,4,1,0.25,,,,,
122,3,4,1.333333333,,,,,
123,6,4,0.666666667,,,,,
124,1,2,2,,,,,
125,1,3,3,,,,,
126,3,3,1,,,,,
127,1,2,2,,,,,
128,3,1,0.333333333,,,,,
129,4,3,0.75,,,,,
130,2,2,1,,,,,
131,2,4,2,,,,,
132,2,1,0.5,,,,,
133,2,3,1.5,,,,,
134,0,0,.,,,,,
135,3,2,0.666666667,,,,,
136,2,1,0.5,,,,,
137,4,3,0.75,,,,,
138,3,3,1,,,,,
139,2,5,2.5,,,,,
140,2,1,0.5,,,,,
141,2,3,1.5,,,,,
142,1,2,2,,,,,
143,2,3,1.5,,,,,
144,1,1,1,,,,,
145,2,4,2,,,,,
146,2,1,0.5,,,,,
147,3,1,0.333333333,,,,,
148,3,2,0.666666667,,,,,
149,3,4,1.333333333,,,,,
150,3,2,0.666666667,,,,,
151,1,1,1,,,,,
152,3,0,0,,,,,
153,2,0,0,,,,,
154,3,3,1,,,,,
155,1,1,1,,,,,
156,5,5,1,,,,,
157,3,5,1.666666667,,,,,
158,4,2,0.5,,,,,
159,3,4,1.333333333,,,,,
160,2,4,2,,,,,
161,3,2,0.666666667,,,,,
162,2,2,1,,,,,
163,2,1,0.5,,,,,
164,2,2,1,,,,,
165,1,1,1,,,,,
166,4,0,0,,,,,
167,4,3,0.75,,,,,
168,1,0,0,,,,,
169,7,1,0.142857143,,,,,
170,1,0,0,,,,,
171,4,1,0.25,,,,,
172,6,5,0.833333333,,,,,
173,5,2,0.4,,,,,
174,5,3,0.6,,,,,
175,1,1,1,,,,,
176,7,4,0.571428571,,,,,
177,1,0,0,,,,,
178,2,2,1,,,,,
179,1,2,2,,,,,
180,3,5,1.666666667,,,,,
181,4,4,1,,,,,
182,5,5,1,,,,,
183,2,0,0,,,,,
184,2,3,1.5,,,,,
185,2,1,0.5,,,,,
186,4,3,0.75,,,,,
187,7,4,0.571428571,,,,,
188,3,2,0.666666667,,,,,
189,1,3,3,,,,,
190,1,1,1,,,,,
191,5,3,0.6,,,,,
192,2,1,0.5,,,,,
193,2,2,1,,,,,
194,3,3,1,,,,,
195,0,0,.,,,,,
196,2,1,0.5,,,,,
197,4,4,1,,,,,
198,4,1,0.25,,,,,
199,6,5,0.833333333,,,,,
200,7,3,0.428571429,,,,,
201,3,6,2,,,,,
202,3,0,0,,,,,
203,5,2,0.4,,,,,
204,0,1,.,,,,,
205,4,1,0.25,,,,,
206,6,4,0.666666667,,,,,
207,1,0,0,,,,,
208,3,1,0.333333333,,,,,
209,1,1,1,,,,,
210,2,2,1,,,,,
211,3,1,0.333333333,,,,,
212,0,2,.,,,,,
213,3,5,1.666666667,,,,,
214,5,2,0.4,,,,,
215,2,4,2,,,,,
216,4,1,0.25,,,,,
217,3,2,0.666666667,,,,,
218,1,0,0,,,,,
219,1,2,2,,,,,
220,4,6,1.5,,,,,
221,7,4,0.571428571,,,,,
222,4,6,1.5,,,,,
223,3,0,0,,,,,
224,9,6,0.666666667,,,,,
225,2,0,0,,,,,
226,3,2,0.666666667,,,,,
227,3,1,0.333333333,,,,,
228,1,5,5,,,,,
229,3,2,0.666666667,,,,,
230,1,1,1,,,,,
231,4,2,0.5,,,,,
232,2,1,0.5,,,,,
233,7,4,0.571428571,,,,,
234,1,3,3,,,,,
235,2,4,2,,,,,
236,0,1,.,,,,,
237,7,5,0.714285714,,,,,
238,2,2,1,,,,,
239,3,2,0.666666667,,,,,
240,5,2,0.4,,,,,
241,2,3,1.5,,,,,
242,1,4,4,,,,,
243,6,3,0.5,,,,,
244,4,6,1.5,,,,,
245,8,2,0.25,,,,,
246,1,2,2,,,,,
247,6,3,0.5,,,,,
248,6,5,0.833333333,,,,,
249,2,1,0.5,,,,,
250,1,2,2,,,,,
251,3,3,1,,,,,
252,2,4,2,,,,,
253,2,1,0.5,,,,,
254,0,2,.,,,,,
255,2,5,2.5,,,,,
256,5,3,0.6,,,,,
257,3,5,1.666666667,,,,,
258,4,4,1,,,,,
259,5,3,0.6,,,,,
260,6,3,0.5,,,,,
261,6,4,0.666666667,,,,,
262,2,2,1,,,,,
263,3,3,1,,,,,
264,5,5,1,,,,,
265,3,4,1.333333333,,,,,
266,4,3,0.75,,,,,
267,1,0,0,,,,,
268,1,0,0,,,,,
269,12,7,0.583333333,,,,,
270,7,7,1,,,,,
271,7,4,0.571428571,,,,,
272,4,4,1,,,,,
273,2,0,0,,,,,
274,8,7,0.875,,,,,
275,6,5,0.833333333,,,,,
276,5,6,1.2,,,,,
277,12,6,0.5,,,,,
278,7,6,0.857142857,,,,,
279,7,5,0.714285714,,,,,
280,11,6,0.545454545,,,,,
281,14,8,0.571428571,,,,,
282,5,5,1,,,,,
283,7,4,0.571428571,,,,,
284,2,2,1,,,,,
285,2,4,2,,,,,
286,6,2,0.333333333,,,,,
287,2,4,2,,,,,
288,4,2,0.5,,,,,
289,1,2,2,,,,,
290,1,1,1,,,,,
291,3,0,0,,,,,
292,3,7,2.333333333,,,,,
293,13,7,0.538461538,,,,,
294,5,2,0.4,,,,,
295,3,2,0.666666667,,,,,
296,12,5,0.416666667,,,,,
297,11,5,0.454545455,,,,,
298,1,2,2,,,,,
299,10,6,0.6,,,,,
300,9,6,0.666666667,,,,,
301,4,5,1.25,,,,,
302,7,3,0.428571429,,,,,
303,2,3,1.5,,,,,
304,2,2,1,,,,,
305,2,0,0,,,,,
306,5,1,0.2,,,,,
307,1,0,0,,,,,
308,11,5,0.454545455,,,,,
309,1,2,2,,,,,
310,6,4,0.666666667,,,,,
311,8,4,0.5,,,,,
312,10,7,0.7,,,,,
313,11,4,0.363636364,,,,,
314,6,2,0.333333333,,,,,
315,3,2,0.666666667,,,,,
316,8,7,0.875,,,,,
317,6,6,1,,,,,
318,6,5,0.833333333,,,,,
319,3,3,1,,,,,
320,2,1,0.5,,,,,
321,5,3,0.6,,,,,
322,14,8,0.571428571,,,,,
323,6,3,0.5,,,,,
324,4,1,0.25,,,,,
325,5,0,0,,,,,
326,3,3,1,,,,,
327,6,2,0.333333333,,,,,
328,8,7,0.875,,,,,
329,8,5,0.625,,,,,
330,11,5,0.454545455,,,,,
331,19,12,0.631578947,,,,,
332,11,7,0.636363636,,,,,
333,10,2,0.2,,,,,
334,15,9,0.6,,,,,
335,3,2,0.666666667,,,,,
336,8,1,0.125,,,,,
338,6,5,0.833333333,,,,,
339,6,3,0.5,,,,,
340,10,2,0.2,,,,,
341,9,7,0.777777778,,,,,
342,11,8,0.727272727,,,,,
343,10,5,0.5,,,,,
344,17,10,0.588235294,,,,,
345,5,4,0.8,,,,,
346,14,7,0.5,,,,,
347,6,3,0.5,,,,,
348,4,3,0.75,,,,,
349,6,4,0.666666667,,,,,
350,7,2,0.285714286,,,,,
351,1,3,3,,,,,
352,5,4,0.8,,,,,
353,11,5,0.454545455,,,,,
354,11,7,0.636363636,,,,,
355,9,7,0.777777778,,,,,
356,8,6,0.75,,,,,
357,13,11,0.846153846,,,,,
358,10,2,0.2,,,,,
359,9,5,0.555555556,,,,,
360,12,8,0.666666667,,,,,
361,10,6,0.6,,,,,
362,16,11,0.6875,,,,,
363,6,5,0.833333333,,,,,
364,13,5,0.384615385,,,,,
365,6,3,0.5,,,,,
366,6,2,0.333333333,,,,,
367,6,4,0.666666667,,,,,
368,1,1,1,,,,,
369,5,3,0.6,,,,,
370,4,3,0.75,,,,,
371,7,3,0.428571429,,,,,
372,6,3,0.5,,,,,
373,4,2,0.5,,,,,
374,1,1,1,,,,,
375,5,3,0.6,,,,,
376,3,1,0.333333333,,,,,
377,3,2,0.666666667,,,,,
378,0,1,.,,,,,
379,1,0,0,,,,,
380,3,0,0,,,,,
381,5,1,0.2,,,,,
382,1,2,2,,,,,
383,3,5,1.666666667,,,,,
384,2,1,0.5,,,,,
385,3,1,0.333333333,,,,,
386,3,0,0,,,,,
387,2,3,1.5,,,,,
388,4,1,0.25,,,,,
389,2,3,1.5,,,,,
390,1,2,2,,,,,
391,5,3,0.6,,,,,
392,1,3,3,,,,,
393,10,3,0.3,,,,,
394,14,4,0.285714286,,,,,
395,8,4,0.5,,,,,
396,6,4,0.666666667,,,,,
397,5,3,0.6,,,,,
398,3,1,0.333333333,,,,,
399,4,5,1.25,,,,,
400,3,3,1,,,,,
401,3,3,1,,,,,
402,1,2,2,,,,,
403,2,1,0.5,,,,,
404,2,3,1.5,,,,,
405,0,0,.,,,,,
406,4,3,0.75,,,,,
407,6,5,0.833333333,,,,,
408,4,3,0.75,,,,,
409,4,3,0.75,,,,,
410,3,2,0.666666667,,,,,
411,6,2,0.333333333,,,,,
412,5,5,1,,,,,
413,4,5,1.25,,,,,
414,2,2,1,,,,,
415,5,5,1,,,,,
416,6,3,0.5,,,,,
417,1,0,0,,,,,
418,3,3,1,,,,,
419,4,4,1,,,,,
420,5,4,0.8,,,,,
421,2,1,0.5,,,,,
422,1,1,1,,,,,
424,2,5,2.5,,,,,
425,6,3,0.5,,,,,
426,3,2,0.666666667,,,,,
427,6,3,0.5,,,,,
428,2,2,1,,,,,
429,4,2,0.5,,,,,
430,8,4,0.5,,,,,
431,4,5,1.25,,,,,
432,7,4,0.571428571,,,,,
433,6,3,0.5,,,,,
434,4,3,0.75,,,,,
435,4,1,0.25,,,,,
436,9,2,0.222222222,,,,,
437,9,4,0.444444444,,,,,
438,6,0,0,,,,,
439,7,1,0.142857143,,,,,
440,5,4,0.8,,,,,
441,1,0,0,,,,,
442,5,0,0,,,,,
443,5,3,0.6,,,,,
444,3,0,0,,,,,
445,10,2,0.2,,,,,
446,8,2,0.25,,,,,
447,9,6,0.666666667,,,,,
448,5,3,0.6,,,,,
449,8,1,0.125,,,,,
450,6,4,0.666666667,,,,,
451,11,5,0.454545455,,,,,
452,6,0,0,,,,,
453,4,0,0,,,,,
454,7,1,0.142857143,,,,,
455,3,1,0.333333333,,,,,
456,0,1,.,,,,,
457,6,1,0.166666667,,,,,
458,5,3,0.6,,,,,
459,4,1,0.25,,,,,
460,5,1,0.2,,,,,
461,0,1,.,,,,,
462,11,3,0.272727273,,,,,
463,6,5,0.833333333,,,,,
464,6,4,0.666666667,,,,,
465,9,4,0.444444444,,,,,
466,4,7,1.75,,,,,
467,2,1,0.5,,,,,
468,2,0,0,,,,,
469,6,4,0.666666667,,,,,
470,6,5,0.833333333,,,,,
471,6,5,0.833333333,,,,,
472,5,3,0.6,,,,,
473,5,3,0.6,,,,,
474,5,2,0.4,,,,,
475,5,7,1.4,,,,,
476,8,5,0.625,,,,,
477,14,2,0.142857143,,,,,
478,6,1,0.166666667,,,,,
479,10,7,0.7,,,,,
480,5,1,0.2,,,,,
481,7,3,0.428571429,,,,,
482,6,4,0.666666667,,,,,
483,7,4,0.571428571,,,,,
484,9,4,0.444444444,,,,,
485,12,5,0.416666667,,,,,
486,7,7,1,,,,,
487,6,1,0.166666667,,,,,
489,6,3,0.5,,,,,
490,7,4,0.571428571,,,,,
491,8,7,0.875,,,,,
492,9,6,0.666666667,,,,,
493,7,4,0.571428571,,,,,
494,5,3,0.6,,,,,
495,3,2,0.666666667,,,,,
496,0,0,.,,,,,
497,1,0,0,,,,,
498,3,2,0.666666667,,,,,
499,4,1,0.25,,,,,
500,3,4,1.333333333,,,,,
501,3,1,0.333333333,,,,,
502,5,4,0.8,,,,,
503,1,3,3,,,,,
504,5,5,1,,,,,
505,4,2,0.5,,,,,
506,1,3,3,,,,,
507,5,3,0.6,,,,,
508,4,1,0.25,,,,,
509,0,2,.,,,,,
510,4,4,1,,,,,
511,3,2,0.666666667,,,,,
512,5,1,0.2,,,,,
513,3,2,0.666666667,,,,,
514,3,2,0.666666667,,,,,
515,4,1,0.25,,,,,
516,7,1,0.142857143,,,,,
517,4,1,0.25,,,,,
518,2,1,0.5,,,,,
519,4,2,0.5,,,,,
520,4,3,0.75,,,,,
521,3,3,1,,,,,
522,3,3,1,,,,,
523,5,2,0.4,,,,,
524,5,4,0.8,,,,,
525,3,2,0.666666667,,,,,
526,4,5,1.25,,,,,
527,4,1,0.25,,,,,
528,3,4,1.333333333,,,,,
529,1,2,2,,,,,
530,5,1,0.2,,,,,
531,5,3,0.6,,,,,
532,2,1,0.5,,,,,
533,2,2,1,,,,,
534,0,0,.,,,,,
535,3,0,0,,,,,
536,3,1,0.333333333,,,,,
537,5,1,0.2,,,,,
538,1,1,1,,,,,
539,4,3,0.75,,,,,
540,1,1,1,,,,,
541,5,2,0.4,,,,,
542,2,1,0.5,,,,,
543,2,0,0,,,,,
544,2,3,1.5,,,,,
545,4,2,0.5,,,,,
546,6,0,0,,,,,
547,5,1,0.2,,,,,
548,1,1,1,,,,,
549,1,0,0,,,,,
550,1,1,1,,,,,
551,0,2,.,,,,,
552,1,2,2,,,,,
553,3,0,0,,,,,
554,1,1,1,,,,,
555,3,3,1,,,,,
556,2,3,1.5,,,,,
557,8,5,0.625,,,,,
558,4,1,0.25,,,,,
559,7,4,0.571428571,,,,,
560,4,1,0.25,,,,,
561,8,2,0.25,,,,,
562,4,4,1,,,,,
563,3,4,1.333333333,,,,,
564,0,1,.,,,,,
565,5,1,0.2,,,,,
566,5,5,1,,,,,
567,3,5,1.666666667,,,,,
568,4,3,0.75,,,,,
569,1,0,0,,,,,
570,1,2,2,,,,,
571,6,3,0.5,,,,,
572,3,2,0.666666667,,,,,
573,4,2,0.5,,,,,
574,2,0,0,,,,,
575,3,3,1,,,,,
576,2,2,1,,,,,
577,6,1,0.166666667,,,,,
578,3,2,0.666666667,,,,,
579,2,4,2,,,,,
580,4,1,0.25,,,,,
581,3,3,1,,,,,
582,4,6,1.5,,,,,
583,2,4,2,,,,,
584,0,2,.,,,,,
585,2,3,1.5,,,,,
586,5,4,0.8,,,,,
587,2,3,1.5,,,,,
588,9,4,0.444444444,,,,,
589,8,4,0.5,,,,,
590,4,3,0.75,,,,,
591,3,2,0.666666667,,,,,
592,4,1,0.25,,,,,
593,5,4,0.8,,,,,
594,5,6,1.2,,,,,
595,3,0,0,,,,,
596,3,2,0.666666667,,,,,
597,5,4,0.8,,,,,
598,3,3,1,,,,,
599,2,4,2,,,,,
600,3,1,0.333333333,,,,,
601,8,8,1,,,,,
602,3,2,0.666666667,,,,,
603,3,1,0.333333333,,,,,
604,3,2,0.666666667,,,,,
605,4,3,0.75,,,,,
606,10,3,0.3,,,,,
607,6,2,0.333333333,,,,,
608,4,2,0.5,,,,,
609,4,1,0.25,,,,,
610,2,5,2.5,,,,,
611,2,3,1.5,,,,,
612,5,3,0.6,,,,,
613,1,0,0,,,,,
614,6,7,1.166666667,,,,,
615,9,1,0.111111111,,,,,
616,12,7,0.583333333,,,,,
617,7,4,0.571428571,,,,,
618,3,3,1,,,,,
619,1,2,2,,,,,
620,4,4,1,,,,,
621,3,2,0.666666667,,,,,
622,4,2,0.5,,,,,
623,5,3,0.6,,,,,
624,5,2,0.4,,,,,
625,3,5,1.666666667,,,,,
626,5,0,0,,,,,
627,13,4,0.307692308,,,,,
628,6,3,0.5,,,,,
629,4,1,0.25,,,,,
630,1,2,2,,,,,
631,5,2,0.4,,,,,
632,2,1,0.5,,,,,
633,2,3,1.5,,,,,
634,6,2,0.333333333,,,,,
635,2,3,1.5,,,,,
636,6,3,0.5,,,,,
637,4,5,1.25,,,,,
638,8,6,0.75,,,,,
639,2,3,1.5,,,,,
640,3,1,0.333333333,,,,,
641,3,1,0.333333333,,,,,
642,8,5,0.625,,,,,
643,6,3,0.5,,,,,
644,2,3,1.5,,,,,
645,4,4,1,,,,,
646,5,2,0.4,,,,,
647,6,3,0.5,,,,,
648,4,6,1.5,,,,,
649,9,4,0.444444444,,,,,
650,7,7,1,,,,,
651,5,4,0.8,,,,,
652,4,1,0.25,,,,,
653,6,6,1,,,,,
654,5,1,0.2,,,,,
655,5,6,1.2,,,,,
656,4,4,1,,,,,
657,3,1,0.333333333,,,,,
658,4,4,1,,,,,
659,7,2,0.285714286,,,,,
660,3,2,0.666666667,,,,,
661,2,4,2,,,,,
662,5,5,1,,,,,
663,5,1,0.2,,,,,
664,3,2,0.666666667,,,,,
665,8,5,0.625,,,,,
666,5,2,0.4,,,,,
667,2,3,1.5,,,,,
668,6,6,1,,,,,
669,6,4,0.666666667,,,,,
670,2,2,1,,,,,
671,0,2,.,,,,,
672,5,3,0.6,,,,,
673,4,4,1,,,,,
674,6,3,0.5,,,,,
675,5,3,0.6,,,,,
676,7,3,0.428571429,,,,,
677,2,3,1.5,,,,,
678,3,3,1,,,,,
679,5,5,1,,,,,
680,4,3,0.75,,,,,
681,11,6,0.545454545,,,,,
682,5,7,1.4,,,,,
683,2,3,1.5,,,,,
684,3,3,1,,,,,
685,7,7,1,,,,,
686,2,3,1.5,,,,,
687,3,1,0.333333333,,,,,
688,0,2,.,,,,,
689,5,3,0.6,,,,,
690,3,5,1.666666667,,,,,
691,7,4,0.571428571,,,,,
692,7,2,0.285714286,,,,,
693,4,1,0.25,,,,,
694,4,3,0.75,,,,,
695,2,1,0.5,,,,,
696,3,4,1.333333333,,,,,
697,4,4,1,,,,,
698,2,3,1.5,,,,,
699,3,4,1.333333333,,,,,
700,7,4,0.571428571,,,,,
701,1,4,4,,,,,
702,9,4,0.444444444,,,,,
703,7,4,0.571428571,,,,,
704,8,2,0.25,,,,,
705,7,0,0,,,,,
706,6,3,0.5,,,,,
707,7,2,0.285714286,,,,,
708,8,2,0.25,,,,,
709,4,1,0.25,,,,,
710,8,5,0.625,,,,,
712,7,0,0,,,,,
713,3,1,0.333333333,,,,,
714,10,0,0,,,,,
715,8,3,0.375,,,,,
716,7,2,0.285714286,,,,,
717,7,0,0,,,,,
718,10,1,0.1,,,,,
719,12,4,0.333333333,,,,,
720,9,1,0.111111111,,,,,
721,4,1,0.25,,,,,
722,7,2,0.285714286,,,,,
724,8,3,0.375,,,,,
726,5,0,0,,,,,
727,6,2,0.333333333,,,,,
728,9,2,0.222222222,,,,,
729,8,3,0.375,,,,,
730,2,1,0.5,,,,,
731,8,1,0.125,,,,,
732,7,1,0.142857143,,,,,
733,3,0,0,,,,,
734,12,2,0.166666667,,,,,
735,11,2,0.181818182,,,,,
736,8,1,0.125,,,,,
737,8,5,0.625,,,,,
738,8,1,0.125,,,,,
739,9,4,0.444444444,,,,,
741,6,3,0.5,,,,,
742,5,2,0.4,,,,,
743,9,3,0.333333333,,,,,
744,6,0,0,,,,,
745,13,2,0.153846154,,,,,
746,0,1,.,,,,,
747,6,3,0.5,,,,,
748,9,4,0.444444444,,,,,
749,6,3,0.5,,,,,
750,10,4,0.4,,,,,
751,7,3,0.428571429,,,,,
752,9,9,1,,,,,
753,11,4,0.363636364,,,,,
754,10,2,0.2,,,,,
755,13,3,0.230769231,,,,,
756,7,3,0.428571429,,,,,
757,9,2,0.222222222,,,,,
760,5,1,0.2,,,,,
761,7,5,0.714285714,,,,,
762,6,2,0.333333333,,,,,
764,9,4,0.444444444,,,,,
766,7,1,0.142857143,,,,,
768,4,0,0,,,,,
769,3,0,0,,,,,
770,8,1,0.125,,,,,
771,3,4,1.333333333,,,,,
772,1,2,2,,,,,
773,2,2,1,,,,,
774,4,5,1.25,,,,,
775,7,3,0.428571429,,,,,
776,5,2,0.4,,,,,
777,0,0,.,,,,,
778,2,0,0,,,,,
779,10,0,0,,,,,
780,0,0,.,,,,,
781,7,4,0.571428571,,,,,
782,1,1,1,,,,,
783,4,0,0,,,,,
784,8,0,0,,,,,
785,6,0,0,,,,,
786,1,0,0,,,,,
787,1,0,0,,,,,
788,5,3,0.6,,,,,
789,6,4,0.666666667,,,,,
790,8,1,0.125,,,,,
791,4,5,1.25,,,,,
792,6,3,0.5,,,,,
793,6,2,0.333333333,,,,,
794,5,1,0.2,,,,,
795,2,0,0,,,,,
796,6,0,0,,,,,
797,4,0,0,,,,,
798,6,0,0,,,,,
799,8,0,0,,,,,
801,2,1,0.5,,,,,
802,4,2,0.5,,,,,
803,5,1,0.2,,,,,
804,3,2,0.666666667,,,,,
805,4,1,0.25,,,,,
806,4,5,1.25,,,,,
807,4,0,0,,,,,
808,6,7,1.166666667,,,,,
809,5,5,1,,,,,
810,5,2,0.4,,,,,
811,4,5,1.25,,,,,
812,6,3,0.5,,,,,
813,4,3,0.75,,,,,
814,6,3,0.5,,,,,
815,5,5,1,,,,,
816,5,6,1.2,,,,,
817,6,2,0.333333333,,,,,
818,4,2,0.5,,,,,
819,6,3,0.5,,,,,
820,8,1,0.125,,,,,
821,4,3,0.75,,,,,
822,8,3,0.375,,,,,
823,5,6,1.2,,,,,
824,4,1,0.25,,,,,
825,2,3,1.5,,,,,
826,5,4,0.8,,,,,
827,5,3,0.6,,,,,
828,2,3,1.5,,,,,
829,5,4,0.8,,,,,
830,4,4,1,,,,,
831,6,3,0.5,,,,,
832,9,4,0.444444444,,,,,
833,9,4,0.444444444,,,,,
834,6,5,0.833333333,,,,,
835,7,3,0.428571429,,,,,
836,4,3,0.75,,,,,
837,2,1,0.5,,,,,
838,3,6,2,,,,,
839,5,3,0.6,,,,,
840,3,5,1.666666667,,,,,
841,1,3,3,,,,,
842,4,3,0.75,,,,,
843,7,6,0.857142857,,,,,
844,3,2,0.666666667,,,,,
845,3,2,0.666666667,,,,,
846,6,3,0.5,,,,,
847,4,2,0.5,,,,,
848,4,6,1.5,,,,,
849,2,3,1.5,,,,,
850,6,7,1.166666667,,,,,
851,6,3,0.5,,,,,
852,7,5,0.714285714,,,,,
853,10,7,0.7,,,,,
854,2,4,2,,,,,
855,6,3,0.5,,,,,
856,7,4,0.571428571,,,,,
857,2,1,0.5,,,,,
858,7,5,0.714285714,,,,,
859,9,7,0.777777778,,,,,
860,3,5,1.666666667,,,,,
861,2,2,1,,,,,
862,3,2,0.666666667,,,,,
863,4,4,1,,,,,
864,3,5,1.666666667,,,,,
865,7,6,0.857142857,,,,,
866,4,2,0.5,,,,,
867,4,4,1,,,,,
868,11,6,0.545454545,,,,,
869,9,4,0.444444444,,,,,
870,8,3,0.375,,,,,
871,5,4,0.8,,,,,
872,6,2,0.333333333,,,,,
873,7,2,0.285714286,,,,,
874,9,4,0.444444444,,,,,
875,7,4,0.571428571,,,,,
876,5,2,0.4,,,,,
877,12,8,0.666666667,,,,,
878,9,3,0.333333333,,,,,
879,7,6,0.857142857,,,,,
880,5,6,1.2,,,,,
881,6,4,0.666666667,,,,,
882,5,6,1.2,,,,,
883,9,4,0.444444444,,,,,
884,5,4,0.8,,,,,
885,2,4,2,,,,,
886,7,5,0.714285714,,,,,
887,9,2,0.222222222,,,,,
888,5,7,1.4,,,,,
889,6,3,0.5,,,,,
890,11,7,0.636363636,,,,,
891,8,5,0.625,,,,,
892,12,6,0.5,,,,,
893,5,4,0.8,,,,,
894,11,6,0.545454545,,,,,
895,5,3,0.6,,,,,
896,8,4,0.5,,,,,
897,7,3,0.428571429,,,,,
898,3,5,1.666666667,,,,,
899,10,5,0.5,,,,,
900,8,5,0.625,,,,,
901,7,5,0.714285714,,,,,
902,9,6,0.666666667,,,,,
903,8,6,0.75,,,,,
904,10,4,0.4,,,,,
905,8,2,0.25,,,,,
906,3,2,0.666666667,,,,,
907,5,6,1.2,,,,,
908,5,5,1,,,,,
909,1,3,3,,,,,
910,7,4,0.571428571,,,,,
911,5,4,0.8,,,,,
912,9,5,0.555555556,,,,,
913,2,0,0,,,,,
914,7,2,0.285714286,,,,,
915,7,2,0.285714286,,,,,
916,5,4,0.8,,,,,
917,7,5,0.714285714,,,,,
918,8,5,0.625,,,,,
919,11,7,0.636363636,,,,,
920,9,2,0.222222222,,,,,
921,5,5,1,,,,,
922,8,5,0.625,,,,,
923,7,7,1,,,,,
924,10,7,0.7,,,,,
925,8,3,0.375,,,,,
926,9,3,0.333333333,,,,,
927,7,5,0.714285714,,,,,
928,4,5,1.25,,,,,
929,5,5,1,,,,,
930,7,6,0.857142857,,,,,
931,10,4,0.4,,,,,
932,3,4,1.333333333,,,,,
933,8,4,0.5,,,,,
934,5,2,0.4,,,,,
935,6,5,0.833333333,,,,,
936,5,3,0.6,,,,,
937,11,7,0.636363636,,,,,
938,6,3,0.5,,,,,
939,6,3,0.5,,,,,
940,3,3,1,,,,,
941,2,1,0.5,,,,,
942,5,5,1,,,,,
943,4,4,1,,,,,
944,4,2,0.5,,,,,
945,5,5,1,,,,,
946,7,7,1,,,,,
947,3,3,1,,,,,
948,6,7,1.166666667,,,,,
949,4,4,1,,,,,
950,6,4,0.666666667,,,,,
951,1,3,3,,,,,
952,6,5,0.833333333,,,,,
953,5,6,1.2,,,,,
954,5,3,0.6,,,,,
955,7,5,0.714285714,,,,,
956,6,6,1,,,,,
957,5,6,1.2,,,,,
958,2,4,2,,,,,
959,3,5,1.666666667,,,,,
960,4,5,1.25,,,,,
961,2,3,1.5,,,,,
962,10,8,0.8,,,,,
963,8,3,0.375,,,,,
964,4,1,0.25,,,,,
965,3,3,1,,,,,
966,4,1,0.25,,,,,
967,6,6,1,,,,,
968,3,4,1.333333333,,,,,
969,3,3,1,,,,,
970,7,4,0.571428571,,,,,
971,5,4,0.8,,,,,
972,6,1,0.166666667,,,,,
973,6,5,0.833333333,,,,,
974,4,4,1,,,,,
975,10,4,0.4,,,,,
976,3,1,0.333333333,,,,,
977,7,3,0.428571429,,,,,
978,1,3,3,,,,,
979,3,4,1.333333333,,,,,
980,4,3,0.75,,,,,
981,2,4,2,,,,,
982,4,6,1.5,,,,,
983,0,2,.,,,,,
984,8,4,0.5,,,,,
985,3,5,1.666666667,,,,,
986,9,6,0.666666667,,,,,
987,2,4,2,,,,,
988,2,1,0.5,,,,,
989,4,4,1,,,,,
990,6,5,0.833333333,,,,,
991,4,6,1.5,,,,,
992,3,4,1.333333333,,,,,
993,6,4,0.666666667,,,,,
994,3,3,1,,,,,
995,3,3,1,,,,,
996,4,4,1,,,,,
997,4,3,0.75,,,,,
998,6,2,0.333333333,,,,,
999,2,4,2,,,,,
1000,7,6,0.857142857,,,,,
1001,2,2,1,,,,,
1002,9,8,0.888888889,,,,,
1003,5,5,1,,,,,
1004,3,3,1,,,,,
1005,3,3,1,,,,,
1006,6,4,0.666666667,,,,,
1007,0,1,.,,,,,
1008,2,3,1.5,,,,,
1009,5,4,0.8,,,,,
1010,8,2,0.25,,,,,
1011,6,4,0.666666667,,,,,
1012,10,5,0.5,,,,,
1013,12,8,0.666666667,,,,,
1014,10,4,0.4,,,,,
1015,5,3,0.6,,,,,
1016,3,1,0.333333333,,,,,
1017,8,1,0.125,,,,,
1018,3,5,1.666666667,,,,,
1019,5,4,0.8,,,,,
1020,10,3,0.3,,,,,
1021,1,3,3,,,,,
1022,6,4,0.666666667,,,,,
1023,9,3,0.333333333,,,,,
1024,7,6,0.857142857,,,,,
1025,8,3,0.375,,,,,
1026,4,1,0.25,,,,,
1027,9,5,0.555555556,,,,,
1028,5,2,0.4,,,,,
1029,7,3,0.428571429,,,,,
1030,7,1,0.142857143,,,,,
1031,3,5,1.666666667,,,,,
1032,11,4,0.363636364,,,,,
1034,10,7,0.7,,,,,
1035,10,4,0.4,,,,,
1036,3,2,0.666666667,,,,,
1037,11,9,0.818181818,,,,,
1038,6,3,0.5,,,,,
1039,5,6,1.2,,,,,
1040,5,2,0.4,,,,,
1041,8,3,0.375,,,,,
1042,4,1,0.25,,,,,
1043,5,6,1.2,,,,,
1044,11,9,0.818181818,,,,,
1045,2,2,1,,,,,
1046,6,1,0.166666667,,,,,
1047,4,2,0.5,,,,,
1048,6,5,0.833333333,,,,,
1049,9,6,0.666666667,,,,,
1050,8,6,0.75,,,,,
1051,13,3,0.230769231,,,,,
1052,9,5,0.555555556,,,,,
1053,8,0,0,,,,,
1054,8,3,0.375,,,,,
1055,8,6,0.75,,,,,
1056,9,0,0,,,,,
1058,11,7,0.636363636,,,,,
1059,13,8,0.615384615,,,,,
1060,11,5,0.454545455,,,,,
1061,4,0,0,,,,,
1062,14,3,0.214285714,,,,,
1063,8,6,0.75,,,,,
1064,9,3,0.333333333,,,,,
1065,10,3,0.3,,,,,
1067,7,4,0.571428571,,,,,
1068,10,1,0.1,,,,,
1069,4,1,0.25,,,,,
1070,7,0,0,,,,,
1071,7,4,0.571428571,,,,,
1072,6,2,0.333333333,,,,,
1073,8,5,0.625,,,,,
1074,3,1,0.333333333,,,,,
1075,3,2,0.666666667,,,,,
1076,9,6,0.666666667,,,,,
1077,8,6,0.75,,,,,
1078,10,5,0.5,,,,,
1079,7,4,0.571428571,,,,,
1080,7,3,0.428571429,,,,,
1081,13,3,0.230769231,,,,,
1082,12,3,0.25,,,,,
1083,10,3,0.3,,,,,
1084,13,3,0.230769231,,,,,
1085,8,6,0.75,,,,,
1086,13,3,0.230769231,,,,,
1087,8,5,0.625,,,,,
1088,7,1,0.142857143,,,,,
1089,5,4,0.8,,,,,
1090,5,2,0.4,,,,,
1091,6,0,0,,,,,
1092,4,3,0.75,,,,,
1093,9,2,0.222222222,,,,,
1094,8,4,0.5,,,,,
1095,8,5,0.625,,,,,
1096,3,4,1.333333333,,,,,
1097,8,7,0.875,,,,,
1098,2,0,0,,,,,
1099,12,9,0.75,,,,,
1100,9,4,0.444444444,,,,,
1101,4,3,0.75,,,,,
1103,11,2,0.181818182,,,,,
1104,5,2,0.4,,,,,
1105,3,2,0.666666667,,,,,
1106,7,5,0.714285714,,,,,
1107,6,3,0.5,,,,,
1108,7,5,0.714285714,,,,,
1109,4,1,0.25,,,,,
1110,4,2,0.5,,,,,
1111,1,1,1,,,,,
1112,2,3,1.5,,,,,
1113,2,2,1,,,,,
1114,4,0,0,,,,,
1115,3,2,0.666666667,,,,,
1116,4,2,0.5,,,,,
1117,4,2,0.5,,,,,
1118,6,1,0.166666667,,,,,
1119,3,3,1,,,,,
1120,6,1,0.166666667,,,,,
1121,5,2,0.4,,,,,
1122,7,3,0.428571429,,,,,
1123,5,3,0.6,,,,,
1124,6,2,0.333333333,,,,,
1125,6,1,0.166666667,,,,,
1126,8,1,0.125,,,,,
1127,6,1,0.166666667,,,,,
1128,6,4,0.666666667,,,,,
1129,8,2,0.25,,,,,
1130,5,2,0.4,,,,,
1131,5,3,0.6,,,,,
1132,9,3,0.333333333,,,,,
1133,7,1,0.142857143,,,,,
1134,9,5,0.555555556,,,,,
1135,8,1,0.125,,,,,
1136,7,2,0.285714286,,,,,
1137,10,2,0.2,,,,,
1138,5,5,1,,,,,
1139,5,4,0.8,,,,,
1140,1,0,0,,,,,
1141,5,2,0.4,,,,,
1142,6,4,0.666666667,,,,,
1143,5,2,0.4,,,,,
1144,5,2,0.4,,,,,
1145,1,1,1,,,,,
1146,4,2,0.5,,,,,
1147,6,2,0.333333333,,,,,
1148,5,3,0.6,,,,,
1149,9,4,0.444444444,,,,,
1150,4,3,0.75,,,,,
1151,11,6,0.545454545,,,,,
1152,2,2,1,,,,,
1153,10,0,0,,,,,
1154,6,1,0.166666667,,,,,
1155,14,4,0.285714286,,,,,
1156,4,1,0.25,,,,,
1157,11,4,0.363636364,,,,,
1158,4,3,0.75,,,,,
1159,10,6,0.6,,,,,
1160,6,2,0.333333333,,,,,
1161,4,2,0.5,,,,,
1162,4,4,1,,,,,
1163,4,3,0.75,,,,,
1164,4,1,0.25,,,,,
1165,1,0,0,,,,,
1166,7,6,0.857142857,,,,,
1167,10,1,0.1,,,,,
1168,5,2,0.4,,,,,
1169,7,2,0.285714286,,,,,
1170,4,1,0.25,,,,,
1171,9,4,0.444444444,,,,,
1172,6,3,0.5,,,,,
1173,4,1,0.25,,,,,
1174,6,4,0.666666667,,,,,
1175,6,6,1,,,,,
1176,5,5,1,,,,,
1177,6,6,1,,,,,
1178,4,3,0.75,,,,,
1179,7,4,0.571428571,,,,,
1180,2,3,1.5,,,,,
1181,3,4,1.333333333,,,,,
1182,6,2,0.333333333,,,,,
1183,4,4,1,,,,,
1184,4,0,0,,,,,
1185,4,1,0.25,,,,,
1186,1,1,1,,,,,
1187,5,3,0.6,,,,,
1188,4,7,1.75,,,,,
1189,7,3,0.428571429,,,,,
1190,5,3,0.6,,,,,
1191,2,3,1.5,,,,,
1192,2,1,0.5,,,,,
1193,2,2,1,,,,,
1194,5,4,0.8,,,,,
1195,9,5,0.555555556,,,,,
1196,8,4,0.5,,,,,
1197,6,4,0.666666667,,,,,
1198,5,3,0.6,,,,,
1199,7,2,0.285714286,,,,,
1200,5,2,0.4,,,,,
1201,5,2,0.4,,,,,
1202,1,1,1,,,,,
1203,4,5,1.25,,,,,
1204,4,2,0.5,,,,,
1205,4,4,1,,,,,
1206,6,2,0.333333333,,,,,
1207,1,0,0,,,,,
1208,7,0,0,,,,,
1209,4,0,0,,,,,
1210,5,1,0.2,,,,,
1212,8,2,0.25,,,,,
1213,11,4,0.363636364,,,,,
1214,7,2,0.285714286,,,,,
1215,6,2,0.333333333,,,,,
1216,3,0,0,,,,,
1217,3,5,1.666666667,,,,,
1218,5,2,0.4,,,,,
1219,4,0,0,,,,,
1220,4,1,0.25,,,,,
1221,5,3,0.6,,,,,
1222,7,2,0.285714286,,,,,
1223,5,0,0,,,,,
1224,4,2,0.5,,,,,
1225,3,2,0.666666667,,,,,
1226,4,3,0.75,,,,,
1227,4,3,0.75,,,,,
1228,2,2,1,,,,,
1229,11,0,0,,,,,
1230,4,1,0.25,,,,,
1231,8,2,0.25,,,,,
1232,5,1,0.2,,,,,
1233,7,3,0.428571429,,,,,
1234,5,3,0.6,,,,,
1235,7,2,0.285714286,,,,,
1236,2,0,0,,,,,
1237,8,1,0.125,,,,,
1238,6,4,0.666666667,,,,,
1239,7,6,0.857142857,,,,,
1240,5,2,0.4,,,,,
1241,7,3,0.428571429,,,,,
1242,9,2,0.222222222,,,,,
1243,6,3,0.5,,,,,
1244,1,0,0,,,,,
1245,8,3,0.375,,,,,
1246,7,5,0.714285714,,,,,
1247,2,2,1,,,,,
1248,7,6,0.857142857,,,,,
1249,4,3,0.75,,,,,
1250,5,3,0.6,,,,,
1251,4,3,0.75,,,,,
1252,3,3,1,,,,,
1253,6,1,0.166666667,,,,,
1254,9,4,0.444444444,,,,,
1255,5,2,0.4,,,,,
1256,4,4,1,,,,,
1257,1,1,1,,,,,
1258,4,4,1,,,,,
1259,10,6,0.6,,,,,
1260,4,4,1,,,,,
1261,7,6,0.857142857,,,,,
1262,5,4,0.8,,,,,
1263,8,7,0.875,,,,,
1264,3,2,0.666666667,,,,,
1265,7,3,0.428571429,,,,,
1266,5,3,0.6,,,,,
1267,4,1,0.25,,,,,
1268,9,5,0.555555556,,,,,
1269,10,4,0.4,,,,,
1270,7,3,0.428571429,,,,,
1272,8,3,0.375,,,,,
1273,3,5,1.666666667,,,,,
1274,3,2,0.666666667,,,,,
1275,3,5,1.666666667,,,,,
1276,5,4,0.8,,,,,
1277,4,4,1,,,,,
1278,3,4,1.333333333,,,,,
1279,3,1,0.333333333,,,,,
1280,12,8,0.666666667,,,,,
1281,3,2,0.666666667,,,,,
1282,2,4,2,,,,,
1283,5,6,1.2,,,,,
1284,6,4,0.666666667,,,,,
1285,6,1,0.166666667,,,,,
1286,4,5,1.25,,,,,
1287,2,1,0.5,,,,,
1288,0,1,.,,,,,
1289,2,1,0.5,,,,,
1290,3,6,2,,,,,
1291,4,3,0.75,,,,,
1292,15,6,0.4,,,,,
1293,3,2,0.666666667,,,,,
1294,4,3,0.75,,,,,
1295,4,2,0.5,,,,,
1296,6,4,0.666666667,,,,,
1297,12,5,0.416666667,,,,,
1298,4,3,0.75,,,,,
1299,3,1,0.333333333,,,,,
1300,6,8,1.333333333,,,,,
1301,5,5,1,,,,,
1302,7,5,0.714285714,,,,,
1303,4,3,0.75,,,,,
1304,4,4,1,,,,,
1305,3,2,0.666666667,,,,,
1306,2,5,2.5,,,,,
1307,5,4,0.8,,,,,
1308,3,3,1,,,,,
1309,5,6,1.2,,,,,
1310,4,1,0.25,,,,,
1311,3,4,1.333333333,,,,,
1312,1,1,1,,,,,
1313,5,2,0.4,,,,,
1314,5,1,0.2,,,,,
1315,7,7,1,,,,,
1316,3,3,1,,,,,
1317,6,1,0.166666667,,,,,
1318,2,1,0.5,,,,,
1319,5,2,0.4,,,,,
1320,3,3,1,,,,,
1321,3,5,1.666666667,,,,,
1322,3,1,0.333333333,,,,,
1323,4,1,0.25,,,,,
1324,12,5,0.416666667,,,,,
1325,4,3,0.75,,,,,
1326,1,3,3,,,,,
1327,2,0,0,,,,,
1328,1,0,0,,,,,
1329,5,2,0.4,,,,,
1330,7,4,0.571428571,,,,,
1331,7,1,0.142857143,,,,,
1332,9,3,0.333333333,,,,,
1333,8,2,0.25,,,,,
1334,8,8,1,,,,,
1335,8,2,0.25,,,,,
1336,5,0,0,,,,,
1337,6,3,0.5,,,,,
1338,3,1,0.333333333,,,,,
1339,11,5,0.454545455,,,,,
1340,7,6,0.857142857,,,,,
1341,9,4,0.444444444,,,,,
1342,4,3,0.75,,,,,
1343,2,5,2.5,,,,,
1344,1,2,2,,,,,
1345,5,5,1,,,,,
1346,5,1,0.2,,,,,
1347,3,2,0.666666667,,,,,
1348,13,2,0.153846154,,,,,
1349,9,2,0.222222222,,,,,
1350,7,5,0.714285714,,,,,
1351,3,1,0.333333333,,,,,
1352,10,2,0.2,,,,,
1353,12,1,0.083333333,,,,,
1354,7,1,0.142857143,,,,,
1355,8,3,0.375,,,,,
1356,9,3,0.333333333,,,,,
1357,8,6,0.75,,,,,
1358,5,3,0.6,,,,,
1359,4,4,1,,,,,
1360,13,5,0.384615385,,,,,
1361,10,3,0.3,,,,,
1362,12,6,0.5,,,,,
1363,9,1,0.111111111,,,,,
1364,11,7,0.636363636,,,,,
1365,9,6,0.666666667,,,,,
1366,11,4,0.363636364,,,,,
1367,5,2,0.4,,,,,
1368,1,1,1,,,,,
1369,5,5,1,,,,,
1370,7,2,0.285714286,,,,,
1371,9,3,0.333333333,,,,,
1372,13,2,0.153846154,,,,,
1373,7,3,0.428571429,,,,,
1374,14,2,0.142857143,,,,,
1375,9,8,0.888888889,,,,,
1376,8,5,0.625,,,,,
1377,8,3,0.375,,,,,
1378,12,6,0.5,,,,,
1379,3,1,0.333333333,,,,,
1380,2,2,1,,,,,
1381,6,3,0.5,,,,,
1382,14,3,0.214285714,,,,,
1383,13,3,0.230769231,,,,,
1384,9,3,0.333333333,,,,,
1385,1,1,1,,,,,
1386,8,2,0.25,,,,,
1387,8,4,0.5,,,,,
1388,12,3,0.25,,,,,
1389,3,3,1,,,,,
1390,2,3,1.5,,,,,
1391,4,3,0.75,,,,,
1392,4,4,1,,,,,
1393,2,2,1,,,,,
1394,10,5,0.5,,,,,
1395,11,2,0.181818182,,,,,
1396,6,3,0.5,,,,,
1397,1,1,1,,,,,
1398,3,1,0.333333333,,,,,
1399,4,3,0.75,,,,,
1400,5,5,1,,,,,
1401,3,4,1.333333333,,,,,
1402,8,5,0.625,,,,,
1403,3,2,0.666666667,,,,,
1404,4,1,0.25,,,,,
1405,2,0,0,,,,,
1406,2,3,1.5,,,,,
1407,5,6,1.2,,,,,
1408,5,3,0.6,,,,,
1409,4,4,1,,,,,
1410,4,3,0.75,,,,,
1411,7,4,0.571428571,,,,,
1412,5,4,0.8,,,,,
1413,3,1,0.333333333,,,,,
1414,5,2,0.4,,,,,
1415,7,4,0.571428571,,,,,
1416,3,2,0.666666667,,,,,
1417,3,6,2,,,,,
1418,3,3,1,,,,,
1419,5,2,0.4,,,,,
1420,4,2,0.5,,,,,
1421,6,4,0.666666667,,,,,
1422,4,3,0.75,,,,,
1423,7,4,0.571428571,,,,,
1424,4,4,1,,,,,
1425,8,4,0.5,,,,,
1426,1,1,1,,,,,
1427,9,5,0.555555556,,,,,
1428,7,3,0.428571429,,,,,
1429,4,4,1,,,,,
1430,7,4,0.571428571,,,,,
1431,7,1,0.142857143,,,,,
1432,3,2,0.666666667,,,,,
1433,12,4,0.333333333,,,,,
1434,4,1,0.25,,,,,
1435,4,1,0.25,,,,,
1436,3,5,1.666666667,,,,,
1437,3,4,1.333333333,,,,,
1438,10,3,0.3,,,,,
1439,4,0,0,,,,,
1440,9,5,0.555555556,,,,,
1441,2,3,1.5,,,,,
1442,6,3,0.5,,,,,
1443,7,3,0.428571429,,,,,
1444,3,2,0.666666667,,,,,
1445,7,4,0.571428571,,,,,
1446,1,0,0,,,,,
1447,7,5,0.714285714,,,,,
1448,7,4,0.571428571,,,,,
1449,4,3,0.75,,,,,
1450,7,3,0.428571429,,,,,
1451,1,1,1,,,,,
1452,1,3,3,,,,,
1453,5,1,0.2,,,,,
1454,5,2,0.4,,,,,
1455,6,6,1,,,,,
1456,13,5,0.384615385,,,,,
1457,5,4,0.8,,,,,
1458,5,3,0.6,,,,,
1459,4,2,0.5,,,,,
1460,3,3,1,,,,,
1461,12,4,0.333333333,,,,,
1462,3,3,1,,,,,
1463,5,4,0.8,,,,,
1464,5,1,0.2,,,,,
1465,9,7,0.777777778,,,,,
1466,10,1,0.1,,,,,
1467,6,2,0.333333333,,,,,
1468,12,1,0.083333333,,,,,
1469,9,5,0.555555556,,,,,
1470,7,4,0.571428571,,,,,
1471,3,3,1,,,,,
1472,8,2,0.25,,,,,
1473,7,4,0.571428571,,,,,
1474,5,1,0.2,,,,,
1475,5,1,0.2,,,,,
1476,3,0,0,,,,,
1477,5,4,0.8,,,,,
1478,3,0,0,,,,,
1479,6,6,1,,,,,
1480,5,2,0.4,,,,,
1481,3,2,0.666666667,,,,,
1482,1,3,3,,,,,
1483,4,2,0.5,,,,,
1484,6,6,1,,,,,
1485,9,6,0.666666667,,,,,
1486,4,4,1,,,,,
1487,3,2,0.666666667,,,,,
1488,8,3,0.375,,,,,
1489,3,2,0.666666667,,,,,
1490,6,1,0.166666667,,,,,
1491,5,3,0.6,,,,,
1492,3,3,1,,,,,
1493,5,3,0.6,,,,,
1494,3,4,1.333333333,,,,,
1495,4,2,0.5,,,,,
1496,4,3,0.75,,,,,
1497,5,1,0.2,,,,,
1498,4,4,1,,,,,
1499,6,1,0.166666667,,,,,
1500,4,3,0.75,,,,,
1501,4,1,0.25,,,,,
1502,4,3,0.75,,,,,
1503,5,2,0.4,,,,,
1504,2,1,0.5,,,,,
1505,7,5,0.714285714,,,,,
1506,8,4,0.5,,,,,
1507,6,2,0.333333333,,,,,
1508,7,2,0.285714286,,,,,
1509,4,2,0.5,,,,,
1510,3,3,1,,,,,
1511,1,3,3,,,,,
1512,1,2,2,,,,,
1513,6,8,1.333333333,,,,,
1514,3,4,1.333333333,,,,,
1515,3,1,0.333333333,,,,,
1516,1,1,1,,,,,
1517,5,1,0.2,,,,,
1518,2,3,1.5,,,,,
1519,6,2,0.333333333,,,,,
1520,3,3,1,,,,,
1521,4,1,0.25,,,,,
1522,6,2,0.333333333,,,,,
1523,6,3,0.5,,,,,
1524,8,4,0.5,,,,,
1525,4,3,0.75,,,,,
1526,3,2,0.666666667,,,,,
1527,5,2,0.4,,,,,
1528,3,2,0.666666667,,,,,
1529,4,3,0.75,,,,,
1530,2,0,0,,,,,
1531,5,3,0.6,,,,,
1532,7,4,0.571428571,,,,,
1533,7,2,0.285714286,,,,,
1534,5,0,0,,,,,
1535,4,1,0.25,,,,,
1536,4,4,1,,,,,
1537,7,5,0.714285714,,,,,
1538,7,2,0.285714286,,,,,
1539,2,0,0,,,,,
1540,5,4,0.8,,,,,
1541,11,5,0.454545455,,,,,
1542,5,2,0.4,,,,,
1543,4,4,1,,,,,
1544,3,4,1.333333333,,,,,
1545,7,3,0.428571429,,,,,
1546,4,4,1,,,,,
1547,10,0,0,,,,,
1548,5,2,0.4,,,,,
1549,9,3,0.333333333,,,,,
1550,8,4,0.5,,,,,
1551,9,7,0.777777778,,,,,
1552,3,3,1,,,,,
1553,10,5,0.5,,,,,
1554,7,4,0.571428571,,,,,
1555,8,5,0.625,,,,,
1556,4,0,0,,,,,
1557,11,1,0.090909091,,,,,
1558,1,2,2,,,,,
1559,6,3,0.5,,,,,
1560,5,4,0.8,,,,,
1561,2,3,1.5,,,,,
1562,8,4,0.5,,,,,
1563,7,4,0.571428571,,,,,
1564,6,2,0.333333333,,,,,
1565,6,5,0.833333333,,,,,
1566,2,2,1,,,,,
1567,5,3,0.6,,,,,
1568,12,9,0.75,,,,,
1569,8,6,0.75,,,,,
1570,2,2,1,,,,,
1571,7,4,0.571428571,,,,,
1572,13,5,0.384615385,,,,,
1573,10,5,0.5,,,,,
1574,4,3,0.75,,,,,
1575,8,4,0.5,,,,,
1576,5,4,0.8,,,,,
1577,5,2,0.4,,,,,
1578,6,4,0.666666667,,,,,
1579,5,3,0.6,,,,,
1580,4,0,0,,,,,
1581,3,1,0.333333333,,,,,
1582,9,6,0.666666667,,,,,
1583,7,5,0.714285714,,,,,
1584,4,5,1.25,,,,,
1585,5,2,0.4,,,,,
1586,6,4,0.666666667,,,,,
1587,5,5,1,,,,,
1588,7,4,0.571428571,,,,,
1589,9,1,0.111111111,,,,,
1590,5,2,0.4,,,,,
1591,12,7,0.583333333,,,,,
1592,2,1,0.5,,,,,
1593,6,3,0.5,,,,,
1594,8,2,0.25,,,,,
1595,7,1,0.142857143,,,,,
1596,6,5,0.833333333,,,,,
1597,3,1,0.333333333,,,,,
1598,4,4,1,,,,,
1599,7,2,0.285714286,,,,,
1600,4,4,1,,,,,
1601,4,1,0.25,,,,,
1602,7,6,0.857142857,,,,,
1603,2,2,1,,,,,
1604,7,6,0.857142857,,,,,
1605,7,3,0.428571429,,,,,
1606,3,2,0.666666667,,,,,
1607,9,4,0.444444444,,,,,
1608,7,2,0.285714286,,,,,
1609,4,4,1,,,,,
1610,9,4,0.444444444,,,,,
1611,8,0,0,,,,,
1612,5,2,0.4,,,,,
,8191,4804,0.710867403,,,,,
