hv001,primaryage,NARPrimary,
1,16,16,1
2,9,7,0.777777778
3,10,8,0.8
4,8,7,0.875
5,14,14,1
6,11,9,0.818181818
7,8,8,1
8,10,9,0.9
9,15,14,0.933333333
10,19,17,0.894736842
11,17,16,0.941176471
12,16,12,0.75
13,17,13,0.764705882
14,14,9,0.642857143
15,9,7,0.777777778
16,17,16,0.941176471
17,4,3,0.75
18,7,7,1
19,15,13,0.866666667
20,8,6,0.75
21,13,11,0.846153846
22,11,8,0.727272727
23,13,12,0.923076923
24,5,4,0.8
25,7,7,1
26,11,10,0.909090909
27,12,10,0.833333333
28,21,19,0.904761905
29,8,7,0.875
30,6,5,0.833333333
31,2,2,1
32,8,7,0.875
33,12,9,0.75
34,14,13,0.928571429
35,11,9,0.818181818
36,14,10,0.714285714
37,13,11,0.846153846
38,5,4,0.8
39,16,13,0.8125
40,31,23,0.741935484
41,36,29,0.805555556
42,28,21,0.75
43,33,22,0.666666667
44,35,25,0.714285714
45,14,11,0.785714286
46,48,32,0.666666667
47,35,13,0.371428571
48,41,33,0.804878049
49,7,5,0.714285714
50,43,32,0.744186047
51,26,21,0.807692308
52,20,17,0.85
53,38,28,0.736842105
54,21,18,0.857142857
55,21,19,0.904761905
56,16,14,0.875
57,2,2,1
58,5,5,1
59,2,2,1
60,5,4,0.8
61,3,3,1
62,18,16,0.888888889
63,9,8,0.888888889
64,20,15,0.75
65,31,27,0.870967742
66,22,19,0.863636364
67,16,13,0.8125
68,38,34,0.894736842
69,44,29,0.659090909
70,16,14,0.875
71,10,9,0.9
72,47,25,0.531914894
73,5,5,1
74,30,22,0.733333333
75,35,30,0.857142857
76,54,42,0.777777778
77,41,36,0.87804878
78,28,23,0.821428571
79,47,36,0.765957447
80,14,14,1
81,14,12,0.857142857
82,18,16,0.888888889
83,19,15,0.789473684
84,25,22,0.88
85,18,16,0.888888889
86,10,7,0.7
87,27,20,0.740740741
88,4,3,0.75
89,22,19,0.863636364
90,6,5,0.833333333
91,30,28,0.933333333
92,14,13,0.928571429
93,10,8,0.8
94,7,7,1
95,5,5,1
96,14,12,0.857142857
97,40,32,0.8
98,37,33,0.891891892
99,41,37,0.902439024
100,14,11,0.785714286
101,11,8,0.727272727
102,8,7,0.875
103,17,13,0.764705882
104,23,17,0.739130435
105,13,12,0.923076923
106,11,11,1
107,12,12,1
108,9,8,0.888888889
109,15,10,0.666666667
110,27,23,0.851851852
111,29,24,0.827586207
112,28,17,0.607142857
113,38,6,0.157894737
114,26,23,0.884615385
115,25,10,0.4
116,33,24,0.727272727
117,42,26,0.619047619
118,43,31,0.720930233
119,37,26,0.702702703
120,33,16,0.484848485
121,43,12,0.279069767
122,32,19,0.59375
123,29,16,0.551724138
124,33,4,0.121212121
125,43,7,0.162790698
126,12,8,0.666666667
127,21,16,0.761904762
128,19,7,0.368421053
129,19,13,0.684210526
130,10,8,0.8
131,30,20,0.666666667
132,37,14,0.378378378
133,21,6,0.285714286
134,20,13,0.65
135,30,10,0.333333333
136,40,7,0.175
137,41,34,0.829268293
138,36,25,0.694444444
139,35,26,0.742857143
140,9,8,0.888888889
141,25,21,0.84
142,9,6,0.666666667
143,34,28,0.823529412
144,35,24,0.685714286
145,12,12,1
146,31,26,0.838709677
147,40,38,0.95
148,20,17,0.85
149,11,10,0.909090909
150,16,14,0.875
151,24,19,0.791666667
152,16,14,0.875
153,12,10,0.833333333
154,16,15,0.9375
155,6,6,1
156,16,13,0.8125
157,21,16,0.761904762
158,13,12,0.923076923
159,18,15,0.833333333
160,9,8,0.888888889
161,16,12,0.75
162,47,20,0.425531915
163,21,21,1
164,20,16,0.8
165,46,34,0.739130435
166,18,17,0.944444444
167,17,15,0.882352941
168,19,19,1
169,21,17,0.80952381
170,13,13,1
171,17,14,0.823529412
172,11,10,0.909090909
173,39,31,0.794871795
174,18,14,0.777777778
175,50,35,0.7
176,18,16,0.888888889
177,22,19,0.863636364
178,14,14,1
179,16,15,0.9375
180,19,16,0.842105263
181,15,13,0.866666667
182,11,10,0.909090909
183,24,21,0.875
184,10,9,0.9
185,20,17,0.85
186,22,17,0.772727273
187,6,6,1
188,28,25,0.892857143
189,6,5,0.833333333
190,16,15,0.9375
191,13,8,0.615384615
192,9,8,0.888888889
193,21,14,0.666666667
194,18,16,0.888888889
195,20,16,0.8
196,8,8,1
197,18,17,0.944444444
198,15,13,0.866666667
199,3,3,1
200,23,18,0.782608696
201,18,17,0.944444444
202,17,13,0.764705882
203,6,5,0.833333333
204,5,4,0.8
205,12,11,0.916666667
206,9,9,1
207,11,10,0.909090909
208,14,12,0.857142857
209,33,15,0.454545455
210,44,14,0.318181818
211,30,10,0.333333333
212,29,6,0.206896552
213,25,8,0.32
214,35,18,0.514285714
215,37,14,0.378378378
216,29,13,0.448275862
217,45,9,0.2
218,24,16,0.666666667
219,9,0,0
220,33,19,0.575757576
221,30,18,0.6
222,22,16,0.727272727
223,29,10,0.344827586
224,41,16,0.390243902
225,29,10,0.344827586
226,21,13,0.619047619
227,49,19,0.387755102
228,44,23,0.522727273
229,48,16,0.333333333
230,17,4,0.235294118
231,17,10,0.588235294
232,10,5,0.5
233,23,8,0.347826087
234,44,23,0.522727273
235,41,16,0.390243902
236,13,10,0.769230769
237,35,4,0.114285714
238,16,2,0.125
239,45,23,0.511111111
240,12,7,0.583333333
241,37,11,0.297297297
242,29,10,0.344827586
243,50,40,0.8
244,32,16,0.5
245,42,23,0.547619048
246,37,25,0.675675676
247,25,19,0.76
248,13,4,0.307692308
249,18,6,0.333333333
250,46,23,0.5
251,27,12,0.444444444
252,44,33,0.75
253,23,19,0.826086957
254,42,25,0.595238095
255,37,7,0.189189189
256,37,17,0.459459459
257,50,21,0.42
258,32,24,0.75
259,6,4,0.666666667
260,63,46,0.73015873
261,45,16,0.355555556
262,65,43,0.661538462
263,41,23,0.56097561
264,49,31,0.632653061
265,36,31,0.861111111
266,39,29,0.743589744
267,34,16,0.470588235
268,30,20,0.666666667
269,44,23,0.522727273
270,24,12,0.5
271,15,12,0.8
272,27,9,0.333333333
273,45,21,0.466666667
274,47,29,0.617021277
275,21,13,0.619047619
276,30,13,0.433333333
277,39,15,0.384615385
278,45,17,0.377777778
279,42,22,0.523809524
280,36,21,0.583333333
281,47,26,0.553191489
282,37,19,0.513513514
283,42,24,0.571428571
284,37,18,0.486486486
285,37,26,0.702702703
286,46,11,0.239130435
287,44,33,0.75
288,13,6,0.461538462
289,38,20,0.526315789
290,34,9,0.264705882
291,26,7,0.269230769
292,41,11,0.268292683
293,59,37,0.627118644
294,55,20,0.363636364
295,45,31,0.688888889
296,38,16,0.421052632
297,48,29,0.604166667
298,62,41,0.661290323
299,42,25,0.595238095
300,49,20,0.408163265
301,43,19,0.441860465
302,25,15,0.6
303,33,21,0.636363636
304,45,21,0.466666667
305,42,25,0.595238095
307,21,11,0.523809524
308,35,15,0.428571429
309,51,34,0.666666667
310,35,24,0.685714286
311,19,7,0.368421053
312,33,21,0.636363636
313,28,24,0.857142857
314,37,23,0.621621622
315,25,22,0.88
316,14,11,0.785714286
317,14,13,0.928571429
318,13,10,0.769230769
319,11,11,1
320,24,23,0.958333333
321,30,22,0.733333333
322,25,17,0.68
323,31,24,0.774193548
324,32,27,0.84375
325,18,7,0.388888889
326,27,15,0.555555556
327,29,25,0.862068966
328,29,8,0.275862069
329,24,18,0.75
330,38,33,0.868421053
331,45,34,0.755555556
332,31,25,0.806451613
333,17,12,0.705882353
334,18,14,0.777777778
335,28,21,0.75
336,22,21,0.954545455
337,32,17,0.53125
338,9,1,0.111111111
339,40,34,0.85
340,28,4,0.142857143
341,33,25,0.757575758
342,19,17,0.894736842
343,29,17,0.586206897
344,35,26,0.742857143
345,27,23,0.851851852
346,26,20,0.769230769
347,39,28,0.717948718
348,26,23,0.884615385
349,29,24,0.827586207
350,28,19,0.678571429
351,34,26,0.764705882
352,30,17,0.566666667
353,44,25,0.568181818
354,37,29,0.783783784
355,50,36,0.72
356,41,37,0.902439024
357,15,12,0.8
358,15,13,0.866666667
359,7,7,1
360,9,9,1
361,13,12,0.923076923
362,24,22,0.916666667
363,16,14,0.875
364,14,13,0.928571429
365,20,18,0.9
366,21,18,0.857142857
367,15,10,0.666666667
368,39,20,0.512820513
369,40,10,0.25
370,18,3,0.166666667
371,39,21,0.538461538
372,40,33,0.825
373,42,35,0.833333333
374,23,15,0.652173913
375,17,14,0.823529412
376,32,25,0.78125
377,11,11,1
378,14,11,0.785714286
379,18,16,0.888888889
380,3,2,0.666666667
381,0,0,.
382,24,20,0.833333333
383,21,15,0.714285714
384,20,16,0.8
385,16,15,0.9375
386,12,9,0.75
387,8,8,1
388,22,18,0.818181818
389,30,22,0.733333333
390,15,11,0.733333333
391,13,10,0.769230769
392,8,7,0.875
393,25,19,0.76
394,6,6,1
395,5,3,0.6
396,10,7,0.7
397,3,3,1
398,10,9,0.9
399,9,9,1
400,9,9,1
401,6,5,0.833333333
402,6,5,0.833333333
403,9,8,0.888888889
404,7,2,0.285714286
405,11,9,0.818181818
406,15,14,0.933333333
407,6,5,0.833333333
408,7,7,1
409,20,18,0.9
410,21,19,0.904761905
411,11,10,0.909090909
412,26,22,0.846153846
413,6,3,0.5
414,15,13,0.866666667
415,19,18,0.947368421
416,25,21,0.84
417,7,5,0.714285714
418,16,15,0.9375
419,15,7,0.466666667
420,7,6,0.857142857
421,18,17,0.944444444
422,9,6,0.666666667
423,19,13,0.684210526
424,10,8,0.8
425,13,12,0.923076923
426,6,6,1
427,14,9,0.642857143
428,9,9,1
429,24,19,0.791666667
430,3,3,1
431,1,1,1
432,6,5,0.833333333
433,3,1,0.333333333
434,11,10,0.909090909
435,7,5,0.714285714
436,13,10,0.769230769
437,5,5,1
438,12,10,0.833333333
439,21,19,0.904761905
440,21,14,0.666666667
441,11,10,0.909090909
442,21,19,0.904761905
443,23,23,1
444,2,2,1
445,20,16,0.8
446,23,20,0.869565217
447,17,16,0.941176471
448,8,8,1
449,13,9,0.692307692
450,8,6,0.75
451,24,20,0.833333333
452,12,12,1
453,2,2,1
454,11,9,0.818181818
455,10,9,0.9
456,17,15,0.882352941
457,19,17,0.894736842
458,10,8,0.8
459,6,6,1
460,3,3,1
461,12,11,0.916666667
462,3,2,0.666666667
463,9,6,0.666666667
464,12,12,1
465,16,15,0.9375
466,11,11,1
467,8,6,0.75
468,6,6,1
469,12,10,0.833333333
470,13,10,0.769230769
471,11,11,1
472,12,12,1
473,11,10,0.909090909
474,19,19,1
475,17,16,0.941176471
476,18,17,0.944444444
477,17,15,0.882352941
478,12,10,0.833333333
479,24,24,1
480,12,12,1
481,16,15,0.9375
482,13,13,1
483,15,13,0.866666667
484,16,15,0.9375
485,14,13,0.928571429
486,11,9,0.818181818
487,15,13,0.866666667
488,14,10,0.714285714
489,5,4,0.8
490,7,7,1
491,8,7,0.875
492,1,1,1
493,18,16,0.888888889
494,6,6,1
495,16,16,1
496,30,29,0.966666667
497,28,26,0.928571429
498,15,13,0.866666667
499,0,0,.
500,26,24,0.923076923
501,10,8,0.8
502,19,17,0.894736842
503,21,20,0.952380952
504,23,22,0.956521739
505,28,23,0.821428571
506,32,27,0.84375
507,39,35,0.897435897
508,18,17,0.944444444
509,20,19,0.95
510,6,5,0.833333333
511,13,12,0.923076923
512,10,8,0.8
513,32,30,0.9375
514,26,23,0.884615385
515,22,21,0.954545455
516,31,26,0.838709677
517,27,24,0.888888889
518,27,22,0.814814815
519,11,11,1
520,10,10,1
521,4,4,1
522,15,15,1
523,6,6,1
524,13,9,0.692307692
525,6,5,0.833333333
526,13,12,0.923076923
527,1,1,1
528,11,11,1
529,5,5,1
530,8,7,0.875
531,13,12,0.923076923
532,5,5,1
533,14,14,1
534,8,7,0.875
535,21,19,0.904761905
536,21,20,0.952380952
537,18,15,0.833333333
538,5,5,1
539,13,9,0.692307692
540,7,7,1
541,11,10,0.909090909
542,6,5,0.833333333
543,16,13,0.8125
544,26,26,1
545,27,25,0.925925926
546,11,10,0.909090909
547,16,13,0.8125
548,22,20,0.909090909
549,24,23,0.958333333
550,12,9,0.75
551,13,12,0.923076923
552,22,22,1
553,15,14,0.933333333
554,10,9,0.9
555,14,14,1
556,25,23,0.92
557,14,12,0.857142857
558,1,1,1
559,15,12,0.8
560,4,3,0.75
561,8,7,0.875
562,9,7,0.777777778
563,13,8,0.615384615
564,21,21,1
565,10,9,0.9
566,17,16,0.941176471
567,8,7,0.875
568,16,14,0.875
569,14,14,1
570,8,7,0.875
571,6,6,1
572,22,20,0.909090909
573,20,20,1
574,13,12,0.923076923
575,14,12,0.857142857
576,1,1,1
577,6,6,1
578,11,10,0.909090909
579,5,5,1
580,23,21,0.913043478
581,17,16,0.941176471
582,23,21,0.913043478
583,21,19,0.904761905
584,9,9,1
585,12,11,0.916666667
586,15,12,0.8
587,9,9,1
588,11,9,0.818181818
589,24,23,0.958333333
590,23,17,0.739130435
591,10,8,0.8
592,18,18,1
593,15,14,0.933333333
594,10,9,0.9
595,8,7,0.875
596,24,21,0.875
597,13,7,0.538461538
598,11,11,1
599,6,5,0.833333333
600,14,12,0.857142857
601,19,15,0.789473684
602,11,11,1
603,16,15,0.9375
604,14,13,0.928571429
605,21,20,0.952380952
606,15,13,0.866666667
607,8,8,1
608,15,14,0.933333333
609,14,12,0.857142857
610,5,4,0.8
611,12,11,0.916666667
612,5,5,1
613,22,22,1
614,17,13,0.764705882
615,12,11,0.916666667
616,18,16,0.888888889
617,14,14,1
618,23,22,0.956521739
619,9,8,0.888888889
620,10,10,1
621,15,15,1
622,4,3,0.75
623,15,14,0.933333333
624,15,14,0.933333333
625,7,7,1
626,9,9,1
627,14,14,1
628,10,10,1
629,17,14,0.823529412
630,9,8,0.888888889
631,6,6,1
632,10,9,0.9
633,7,5,0.714285714
634,5,5,1
635,15,14,0.933333333
636,13,12,0.923076923
637,8,6,0.75
638,7,4,0.571428571
639,8,5,0.625
640,8,7,0.875
641,14,14,1
642,8,7,0.875
643,5,5,1
644,6,5,0.833333333
645,1,1,1
646,6,4,0.666666667
647,13,12,0.923076923
648,6,6,1
649,10,10,1
650,9,9,1
651,13,12,0.923076923
652,16,14,0.875
653,12,12,1
654,10,9,0.9
655,11,10,0.909090909
656,5,5,1
657,13,13,1
658,9,9,1
659,7,7,1
660,5,5,1
661,8,7,0.875
662,7,6,0.857142857
663,5,3,0.6
664,6,3,0.5
665,8,8,1
666,5,5,1
667,9,6,0.666666667
668,11,11,1
669,8,8,1
670,9,9,1
671,12,8,0.666666667
672,12,12,1
673,6,5,0.833333333
674,7,7,1
675,10,10,1
676,10,10,1
677,6,6,1
678,9,9,1
679,13,12,0.923076923
680,10,10,1
681,15,12,0.8
682,8,7,0.875
683,10,8,0.8
684,6,6,1
685,17,16,0.941176471
686,10,10,1
687,9,9,1
688,7,7,1
689,13,12,0.923076923
690,13,13,1
691,3,3,1
692,16,11,0.6875
693,21,17,0.80952381
694,10,9,0.9
695,18,13,0.722222222
696,23,17,0.739130435
697,10,8,0.8
698,16,16,1
699,10,8,0.8
700,19,17,0.894736842
701,11,10,0.909090909
702,8,7,0.875
703,3,3,1
704,8,7,0.875
705,6,5,0.833333333
706,17,16,0.941176471
707,3,3,1
708,10,10,1
709,16,13,0.8125
710,30,29,0.966666667
711,17,13,0.764705882
712,11,10,0.909090909
713,11,10,0.909090909
714,4,3,0.75
715,6,4,0.666666667
716,15,15,1
717,6,5,0.833333333
718,20,17,0.85
719,6,6,1
720,18,18,1
721,15,14,0.933333333
722,6,5,0.833333333
723,11,8,0.727272727
724,12,8,0.666666667
725,14,14,1
726,16,15,0.9375
727,15,14,0.933333333
728,12,9,0.75
729,8,8,1
730,22,18,0.818181818
731,9,8,0.888888889
732,11,10,0.909090909
733,4,4,1
734,10,8,0.8
735,10,6,0.6
736,20,19,0.95
737,11,10,0.909090909
738,13,12,0.923076923
739,21,15,0.714285714
740,12,10,0.833333333
741,7,7,1
742,12,12,1
743,8,8,1
744,8,8,1
745,18,16,0.888888889
746,2,2,1
747,10,6,0.6
748,12,11,0.916666667
749,7,7,1
750,9,8,0.888888889
751,12,10,0.833333333
752,18,17,0.944444444
753,19,17,0.894736842
754,9,8,0.888888889
755,9,8,0.888888889
756,4,4,1
757,4,3,0.75
758,4,4,1
759,23,19,0.826086957
760,7,7,1
761,10,9,0.9
762,8,7,0.875
763,5,5,1
764,9,9,1
765,21,20,0.952380952
766,8,8,1
767,12,11,0.916666667
768,6,6,1
769,6,5,0.833333333
770,16,16,1
771,9,8,0.888888889
772,5,4,0.8
773,9,8,0.888888889
774,10,9,0.9
775,17,16,0.941176471
776,9,8,0.888888889
777,5,5,1
778,39,6,0.153846154
779,41,2,0.048780488
780,54,4,0.074074074
781,39,22,0.564102564
782,29,4,0.137931034
783,22,21,0.954545455
784,24,19,0.791666667
785,10,6,0.6
786,9,8,0.888888889
787,29,21,0.724137931
788,23,20,0.869565217
789,26,21,0.807692308
790,21,18,0.857142857
791,35,19,0.542857143
792,24,17,0.708333333
793,36,15,0.416666667
794,34,7,0.205882353
795,26,23,0.884615385
796,7,6,0.857142857
797,22,6,0.272727273
798,36,5,0.138888889
799,34,11,0.323529412
800,25,22,0.88
801,38,20,0.526315789
802,39,15,0.384615385
803,5,0,0
804,22,18,0.818181818
805,28,12,0.428571429
806,12,9,0.75
807,21,12,0.571428571
808,32,1,0.03125
809,21,11,0.523809524
810,25,3,0.12
811,38,15,0.394736842
812,25,0,0
813,9,7,0.777777778
814,47,37,0.787234043
815,48,38,0.791666667
816,42,29,0.69047619
817,29,23,0.793103448
818,59,49,0.830508475
819,34,30,0.882352941
820,36,14,0.388888889
821,29,25,0.862068966
822,48,38,0.791666667
823,45,32,0.711111111
824,34,13,0.382352941
825,40,3,0.075
826,35,11,0.314285714
827,37,9,0.243243243
828,31,19,0.612903226
829,40,20,0.5
830,35,28,0.8
831,60,50,0.833333333
832,43,30,0.697674419
833,47,35,0.744680851
834,30,3,0.1
835,28,24,0.857142857
836,11,9,0.818181818
837,26,23,0.884615385
838,9,9,1
839,11,9,0.818181818
840,36,31,0.861111111
841,29,20,0.689655172
842,13,11,0.846153846
843,16,10,0.625
844,19,16,0.842105263
845,15,14,0.933333333
846,22,17,0.772727273
847,26,12,0.461538462
848,9,7,0.777777778
849,9,9,1
850,4,3,0.75
851,7,6,0.857142857
852,9,7,0.777777778
853,45,27,0.6
854,10,9,0.9
855,15,15,1
856,16,16,1
857,29,10,0.344827586
858,48,31,0.645833333
859,33,12,0.363636364
860,12,12,1
861,30,20,0.666666667
862,34,1,0.029411765
863,14,12,0.857142857
864,40,10,0.25
865,36,26,0.722222222
866,50,41,0.82
867,14,5,0.357142857
868,25,1,0.04
869,37,11,0.297297297
870,9,2,0.222222222
871,30,20,0.666666667
872,10,9,0.9
873,20,18,0.9
874,22,6,0.272727273
875,41,27,0.658536585
876,32,8,0.25
877,28,13,0.464285714
878,31,3,0.096774194
879,45,30,0.666666667
880,28,24,0.857142857
881,31,28,0.903225806
882,29,27,0.931034483
883,11,10,0.909090909
884,11,10,0.909090909
885,8,8,1
886,5,5,1
887,21,17,0.80952381
888,26,21,0.807692308
889,33,28,0.848484848
890,33,28,0.848484848
891,22,18,0.818181818
892,21,19,0.904761905
893,30,29,0.966666667
894,33,31,0.939393939
895,30,26,0.866666667
896,33,31,0.939393939
897,35,30,0.857142857
898,39,28,0.717948718
899,23,18,0.782608696
900,12,10,0.833333333
901,22,18,0.818181818
902,30,24,0.8
903,28,22,0.785714286
904,27,24,0.888888889
905,4,4,1
906,13,12,0.923076923
907,18,15,0.833333333
908,19,15,0.789473684
909,15,13,0.866666667
910,12,10,0.833333333
911,33,31,0.939393939
912,29,28,0.965517241
913,30,27,0.9
914,23,19,0.826086957
915,6,3,0.5
916,15,14,0.933333333
917,1,1,1
918,11,11,1
919,14,13,0.928571429
920,9,8,0.888888889
921,18,17,0.944444444
922,22,21,0.954545455
923,14,12,0.857142857
924,8,5,0.625
925,9,7,0.777777778
926,6,5,0.833333333
927,26,21,0.807692308
928,2,1,0.5
929,29,24,0.827586207
930,2,2,1
931,23,22,0.956521739
932,26,21,0.807692308
933,9,8,0.888888889
934,7,7,1
935,13,12,0.923076923
936,21,19,0.904761905
937,23,22,0.956521739
938,13,11,0.846153846
939,11,9,0.818181818
940,27,24,0.888888889
941,25,22,0.88
942,19,11,0.578947368
943,17,13,0.764705882
944,23,19,0.826086957
945,34,28,0.823529412
946,4,3,0.75
947,7,6,0.857142857
948,16,12,0.75
949,4,3,0.75
950,14,14,1
951,24,18,0.75
952,17,15,0.882352941
953,6,6,1
954,7,7,1
955,8,7,0.875
956,11,9,0.818181818
957,14,12,0.857142857
958,17,16,0.941176471
959,16,16,1
960,22,20,0.909090909
961,33,31,0.939393939
962,17,16,0.941176471
963,12,11,0.916666667
964,25,22,0.88
965,20,18,0.9
966,19,18,0.947368421
967,19,16,0.842105263
968,16,16,1
969,26,16,0.615384615
970,37,32,0.864864865
971,35,32,0.914285714
972,16,14,0.875
973,15,11,0.733333333
974,23,16,0.695652174
975,28,26,0.928571429
976,21,17,0.80952381
977,30,27,0.9
978,34,31,0.911764706
979,26,19,0.730769231
980,10,9,0.9
981,14,12,0.857142857
982,28,27,0.964285714
983,30,24,0.8
984,31,26,0.838709677
985,32,27,0.84375
986,20,16,0.8
987,21,20,0.952380952
988,14,13,0.928571429
989,12,9,0.75
990,10,9,0.9
991,23,20,0.869565217
992,17,17,1
993,21,19,0.904761905
994,21,19,0.904761905
995,11,9,0.818181818
996,26,24,0.923076923
997,14,13,0.928571429
998,17,13,0.764705882
999,23,21,0.913043478
1000,9,6,0.666666667
1001,24,22,0.916666667
1002,24,21,0.875
1003,15,13,0.866666667
1004,19,17,0.894736842
1005,8,8,1
1006,3,3,1
1007,25,23,0.92
1008,20,20,1
1009,27,21,0.777777778
1010,28,22,0.785714286
1011,24,23,0.958333333
1012,19,17,0.894736842
1013,17,14,0.823529412
1014,30,25,0.833333333
1015,33,28,0.848484848
1016,11,10,0.909090909
1017,21,18,0.857142857
1018,33,27,0.818181818
1019,21,20,0.952380952
1020,16,13,0.8125
1021,11,10,0.909090909
1022,13,13,1
1023,10,8,0.8
1024,9,8,0.888888889
1025,14,12,0.857142857
1026,29,27,0.931034483
1027,20,18,0.9
1028,27,22,0.814814815
1029,32,29,0.90625
1030,17,12,0.705882353
1031,36,30,0.833333333
1032,26,23,0.884615385
1033,46,38,0.826086957
1034,41,35,0.853658537
1035,18,16,0.888888889
1036,21,18,0.857142857
1037,18,14,0.777777778
1038,8,7,0.875
1039,5,5,1
1040,13,11,0.846153846
1041,13,12,0.923076923
1042,29,24,0.827586207
1043,17,14,0.823529412
1044,14,12,0.857142857
1045,10,9,0.9
1046,14,12,0.857142857
1047,54,46,0.851851852
1048,50,40,0.8
1049,22,18,0.818181818
1050,30,25,0.833333333
1051,26,26,1
1052,42,40,0.952380952
1053,31,3,0.096774194
1054,50,12,0.24
1055,13,12,0.923076923
1056,10,8,0.8
1057,16,16,1
1058,26,24,0.923076923
1059,10,9,0.9
1060,19,17,0.894736842
1061,12,12,1
1062,28,26,0.928571429
1063,2,2,1
1064,4,3,0.75
1065,13,8,0.615384615
1066,12,7,0.583333333
1067,7,6,0.857142857
1068,0,0,.
1069,16,15,0.9375
1070,11,11,1
1071,39,25,0.641025641
1072,12,11,0.916666667
1073,25,21,0.84
1074,17,17,1
1075,12,12,1
1076,32,22,0.6875
1077,24,21,0.875
1078,16,15,0.9375
1079,12,12,1
1080,21,20,0.952380952
1081,13,12,0.923076923
1082,5,5,1
1083,19,19,1
1084,3,3,1
1085,18,15,0.833333333
1086,12,12,1
1087,1,1,1
1088,14,11,0.785714286
1089,22,18,0.818181818
1090,15,15,1
1091,20,15,0.75
1092,31,23,0.741935484
1093,32,27,0.84375
1094,21,18,0.857142857
1095,16,13,0.8125
1096,8,5,0.625
1097,22,20,0.909090909
1098,10,8,0.8
1099,27,22,0.814814815
1100,17,16,0.941176471
1101,12,11,0.916666667
1102,16,15,0.9375
1103,4,4,1
1104,16,16,1
1105,15,15,1
1106,13,11,0.846153846
1107,16,14,0.875
1108,13,11,0.846153846
1109,8,5,0.625
1110,17,15,0.882352941
1111,12,11,0.916666667
1112,26,23,0.884615385
1113,13,12,0.923076923
1114,16,16,1
1115,6,4,0.666666667
1116,5,5,1
1117,8,7,0.875
1118,1,1,1
1119,15,14,0.933333333
1120,12,11,0.916666667
1121,18,16,0.888888889
1122,34,29,0.852941176
1123,19,14,0.736842105
1124,10,9,0.9
1125,12,10,0.833333333
1126,15,12,0.8
1127,7,6,0.857142857
1128,24,19,0.791666667
1129,36,27,0.75
1130,37,28,0.756756757
1131,16,14,0.875
1132,16,13,0.8125
1133,31,22,0.709677419
1134,9,9,1
1135,6,5,0.833333333
1136,26,23,0.884615385
1137,4,4,1
1138,16,13,0.8125
1139,11,9,0.818181818
1140,8,6,0.75
1141,14,14,1
1142,39,27,0.692307692
1143,30,26,0.866666667
1144,24,19,0.791666667
1145,30,19,0.633333333
1146,48,16,0.333333333
1147,36,28,0.777777778
1148,11,10,0.909090909
1149,27,23,0.851851852
1150,33,28,0.848484848
1151,33,21,0.636363636
1152,34,24,0.705882353
1153,9,5,0.555555556
1154,33,28,0.848484848
1155,34,29,0.852941176
1156,41,37,0.902439024
1157,51,41,0.803921569
1158,15,12,0.8
1159,23,21,0.913043478
1160,34,32,0.941176471
1161,38,30,0.789473684
1162,16,12,0.75
1163,28,24,0.857142857
1164,29,17,0.586206897
1165,10,9,0.9
1166,7,6,0.857142857
1167,16,14,0.875
1168,8,8,1
1169,6,6,1
1170,7,5,0.714285714
1171,9,7,0.777777778
1172,10,9,0.9
1173,19,19,1
1174,6,6,1
1175,31,25,0.806451613
1176,14,11,0.785714286
1177,9,6,0.666666667
1178,18,15,0.833333333
1179,9,9,1
1180,11,10,0.909090909
1181,14,13,0.928571429
1182,10,9,0.9
1183,13,10,0.769230769
1184,9,5,0.555555556
1185,7,7,1
1186,12,11,0.916666667
1187,11,10,0.909090909
1188,12,10,0.833333333
1189,30,11,0.366666667
1190,23,21,0.913043478
1191,33,16,0.484848485
1192,41,24,0.585365854
1193,27,3,0.111111111
1194,38,24,0.631578947
1195,10,7,0.7
1196,9,8,0.888888889
1197,21,17,0.80952381
1198,18,10,0.555555556
1199,14,9,0.642857143
1200,13,12,0.923076923
1201,39,32,0.820512821
1202,19,17,0.894736842
1203,25,18,0.72
1204,23,22,0.956521739
1205,2,2,1
1206,31,28,0.903225806
1207,13,12,0.923076923
1208,21,19,0.904761905
1209,22,20,0.909090909
1210,18,13,0.722222222
1211,9,8,0.888888889
1212,22,20,0.909090909
1213,19,17,0.894736842
1214,23,21,0.913043478
1215,15,14,0.933333333
1216,22,17,0.772727273
1217,24,22,0.916666667
1218,18,16,0.888888889
1219,32,27,0.84375
1220,5,5,1
1221,13,9,0.692307692
1222,15,13,0.866666667
1223,15,13,0.866666667
1224,0,0,.
1225,17,17,1
1226,16,13,0.8125
1227,29,29,1
1228,31,29,0.935483871
1229,27,27,1
1230,17,16,0.941176471
1231,22,21,0.954545455
1232,27,22,0.814814815
1233,24,24,1
1234,22,21,0.954545455
1235,23,20,0.869565217
1236,9,8,0.888888889
1237,30,26,0.866666667
1238,23,23,1
1239,39,32,0.820512821
1240,28,26,0.928571429
1241,32,25,0.78125
1242,10,9,0.9
1243,16,14,0.875
1244,26,23,0.884615385
1245,18,14,0.777777778
1246,29,28,0.965517241
1247,33,31,0.939393939
1248,5,5,1
1249,17,15,0.882352941
1250,23,20,0.869565217
1251,19,18,0.947368421
1252,32,28,0.875
1253,10,9,0.9
1254,13,13,1
1255,19,18,0.947368421
1256,19,16,0.842105263
1257,27,22,0.814814815
1258,31,31,1
1259,25,21,0.84
1260,26,18,0.692307692
1261,28,26,0.928571429
1262,7,6,0.857142857
1263,22,20,0.909090909
1264,14,12,0.857142857
1265,29,27,0.931034483
1266,23,23,1
1267,8,7,0.875
1268,18,18,1
1269,18,15,0.833333333
1270,8,8,1
1271,6,5,0.833333333
1272,22,20,0.909090909
1273,5,4,0.8
1274,14,12,0.857142857
1275,30,29,0.966666667
1276,24,22,0.916666667
1277,27,23,0.851851852
1278,27,22,0.814814815
1279,11,11,1
1280,10,10,1
1281,5,4,0.8
1282,11,10,0.909090909
1283,16,14,0.875
1284,8,5,0.625
1285,12,12,1
1286,15,14,0.933333333
1287,26,25,0.961538462
1288,30,26,0.866666667
1289,31,24,0.774193548
1290,19,18,0.947368421
1291,26,24,0.923076923
1292,29,29,1
1293,25,22,0.88
1294,23,19,0.826086957
1295,29,26,0.896551724
1296,22,19,0.863636364
1297,13,12,0.923076923
1298,13,13,1
1299,20,17,0.85
1300,26,23,0.884615385
1301,26,22,0.846153846
1302,28,23,0.821428571
1303,33,28,0.848484848
1304,20,18,0.9
1305,24,19,0.791666667
1306,41,34,0.829268293
1307,17,17,1
1308,17,16,0.941176471
1309,32,28,0.875
1310,31,24,0.774193548
1311,29,25,0.862068966
1312,13,9,0.692307692
1313,23,21,0.913043478
1314,18,14,0.777777778
1315,24,19,0.791666667
1316,10,9,0.9
1317,16,13,0.8125
1318,10,10,1
1319,16,16,1
1320,20,19,0.95
1321,31,24,0.774193548
1322,23,19,0.826086957
1323,24,22,0.916666667
1324,18,17,0.944444444
1325,12,10,0.833333333
1326,36,34,0.944444444
1327,32,30,0.9375
1328,26,24,0.923076923
1329,17,15,0.882352941
1330,27,26,0.962962963
1331,10,10,1
1332,25,24,0.96
1333,24,21,0.875
1334,17,15,0.882352941
1335,26,21,0.807692308
1336,24,24,1
1337,30,24,0.8
1338,28,26,0.928571429
1339,17,15,0.882352941
1340,26,20,0.769230769
1341,30,29,0.966666667
1342,26,21,0.807692308
1343,24,22,0.916666667
1344,25,25,1
1345,27,26,0.962962963
1346,24,21,0.875
1347,25,23,0.92
1348,28,25,0.892857143
1349,39,32,0.820512821
1350,32,24,0.75
1351,27,24,0.888888889
1352,17,14,0.823529412
1353,29,25,0.862068966
1354,18,13,0.722222222
1355,13,12,0.923076923
1356,9,7,0.777777778
1357,24,23,0.958333333
1358,11,11,1
1359,30,29,0.966666667
1360,41,36,0.87804878
1361,12,11,0.916666667
1362,8,7,0.875
1363,8,7,0.875
1364,10,10,1
1365,26,19,0.730769231
1366,13,12,0.923076923
1367,10,8,0.8
1368,19,17,0.894736842
1369,37,34,0.918918919
1370,22,18,0.818181818
1371,44,36,0.818181818
1372,20,19,0.95
1373,31,28,0.903225806
1374,14,11,0.785714286
1375,34,28,0.823529412
1376,28,21,0.75
1377,33,29,0.878787879
1378,22,21,0.954545455
1379,27,20,0.740740741
1380,30,25,0.833333333
1381,24,20,0.833333333
1382,17,16,0.941176471
1383,27,23,0.851851852
1384,24,22,0.916666667
1385,38,36,0.947368421
1386,30,29,0.966666667
1387,39,37,0.948717949
1388,28,26,0.928571429
1389,16,13,0.8125
1390,21,18,0.857142857
1391,17,16,0.941176471
1392,20,15,0.75
1393,32,28,0.875
1394,31,27,0.870967742
1395,43,37,0.860465116
1396,21,19,0.904761905
1397,36,31,0.861111111
1398,27,25,0.925925926
1399,35,30,0.857142857
1400,19,19,1
1401,23,19,0.826086957
1402,16,16,1
1403,27,23,0.851851852
1404,38,30,0.789473684
1405,19,15,0.789473684
1406,18,13,0.722222222
1407,27,24,0.888888889
1408,31,29,0.935483871
1409,31,29,0.935483871
1410,36,29,0.805555556
1411,28,20,0.714285714
1412,36,26,0.722222222
1413,30,28,0.933333333
1414,12,9,0.75
1415,28,24,0.857142857
1416,11,9,0.818181818
1417,31,27,0.870967742
1418,18,17,0.944444444
1419,15,13,0.866666667
1420,12,9,0.75
1421,22,19,0.863636364
1422,23,21,0.913043478
1423,24,24,1
1424,31,30,0.967741935
1425,16,15,0.9375
1426,14,14,1
1427,29,26,0.896551724
1428,30,28,0.933333333
1429,17,14,0.823529412
1430,16,13,0.8125
1431,27,24,0.888888889
1432,29,25,0.862068966
1433,29,25,0.862068966
1434,10,9,0.9
1435,4,3,0.75
1436,32,31,0.96875
1437,23,21,0.913043478
1438,18,16,0.888888889
1439,13,9,0.692307692
1440,28,26,0.928571429
1441,25,24,0.96
1442,20,17,0.85
1443,11,9,0.818181818
1444,16,14,0.875
1445,8,8,1
1446,25,22,0.88
1447,24,21,0.875
1448,10,8,0.8
1449,32,28,0.875
1450,20,18,0.9
1451,19,13,0.684210526
1452,22,20,0.909090909
1453,20,18,0.9
1454,26,22,0.846153846
1455,13,11,0.846153846
1456,13,13,1
1457,6,6,1
1458,19,16,0.842105263
1459,13,11,0.846153846
1460,10,8,0.8
1461,8,8,1
1462,15,14,0.933333333
1463,15,15,1
1464,13,10,0.769230769
1465,27,23,0.851851852
1466,20,18,0.9
1467,13,12,0.923076923
1468,12,10,0.833333333
1469,14,13,0.928571429
1470,16,15,0.9375
1471,29,27,0.931034483
1472,24,22,0.916666667
1473,30,27,0.9
1474,17,15,0.882352941
1475,24,21,0.875
1476,31,29,0.935483871
1477,21,20,0.952380952
1478,20,17,0.85
1479,18,14,0.777777778
1480,5,5,1
1481,7,5,0.714285714
1482,19,16,0.842105263
1483,28,23,0.821428571
1484,28,25,0.892857143
1485,25,20,0.8
1486,19,18,0.947368421
1487,23,18,0.782608696
1488,30,24,0.8
1489,38,34,0.894736842
1490,19,18,0.947368421
1491,14,14,1
1492,18,16,0.888888889
1493,17,16,0.941176471
1494,30,29,0.966666667
1495,8,7,0.875
1496,11,9,0.818181818
1497,27,25,0.925925926
1498,26,13,0.5
1499,33,26,0.787878788
1500,42,32,0.761904762
1501,27,20,0.740740741
1502,14,12,0.857142857
1503,26,25,0.961538462
1504,27,21,0.777777778
1505,19,15,0.789473684
1506,22,16,0.727272727
1507,21,19,0.904761905
1508,18,17,0.944444444
1509,29,22,0.75862069
1510,40,34,0.85
1511,21,17,0.80952381
1512,26,23,0.884615385
1513,15,14,0.933333333
1514,17,15,0.882352941
1515,19,17,0.894736842
1516,28,24,0.857142857
1517,34,27,0.794117647
1518,26,22,0.846153846
1519,41,31,0.756097561
1520,19,14,0.736842105
1521,25,21,0.84
1522,9,6,0.666666667
1523,14,11,0.785714286
1524,26,24,0.923076923
1525,30,23,0.766666667
1526,33,27,0.818181818
1527,32,29,0.90625
1528,16,14,0.875
1529,43,32,0.744186047
1530,27,24,0.888888889
1531,34,31,0.911764706
1532,46,38,0.826086957
1533,39,27,0.692307692
1534,16,15,0.9375
1535,29,24,0.827586207
1536,14,10,0.714285714
1537,43,38,0.88372093
1538,46,40,0.869565217
1539,35,26,0.742857143
1540,26,20,0.769230769
1541,18,12,0.666666667
1542,13,9,0.692307692
1543,35,29,0.828571429
1544,23,14,0.608695652
1545,25,21,0.84
1546,23,19,0.826086957
1547,19,17,0.894736842
1548,13,9,0.692307692
1549,32,26,0.8125
1550,11,10,0.909090909
1551,7,6,0.857142857
1552,31,24,0.774193548
1553,23,20,0.869565217
1554,41,34,0.829268293
1555,26,22,0.846153846
1556,20,18,0.9
1557,11,10,0.909090909
1558,30,24,0.8
1559,29,22,0.75862069
1560,18,14,0.777777778
1561,32,24,0.75
1562,21,18,0.857142857
1563,31,28,0.903225806
1564,30,27,0.9
1565,21,18,0.857142857
1566,12,11,0.916666667
1567,32,32,1
1568,26,25,0.961538462
1569,19,16,0.842105263
1570,13,11,0.846153846
1571,29,24,0.827586207
1572,29,25,0.862068966
1573,12,12,1
1574,23,17,0.739130435
1575,30,29,0.966666667
1576,6,6,1
1577,37,33,0.891891892
1578,12,10,0.833333333
1579,10,9,0.9
1580,13,12,0.923076923
1581,8,5,0.625
1582,20,17,0.85
1583,19,18,0.947368421
1584,5,4,0.8
1585,14,13,0.928571429
1586,5,4,0.8
1587,2,2,1
1588,25,21,0.84
1589,25,20,0.8
1590,19,17,0.894736842
1591,21,20,0.952380952
1592,19,17,0.894736842
1593,11,8,0.727272727
1594,22,17,0.772727273
1595,31,28,0.903225806
1596,22,21,0.954545455
1597,12,11,0.916666667
1598,22,18,0.818181818
1599,20,18,0.9
1600,18,17,0.944444444
1601,16,13,0.8125
1602,20,18,0.9
1603,16,12,0.75
1604,24,21,0.875
1605,14,14,1
1606,22,19,0.863636364
1607,12,12,1
1608,20,20,1
1609,26,25,0.961538462
1610,30,29,0.966666667
1611,13,11,0.846153846
1612,18,15,0.833333333
1613,23,20,0.869565217
1614,17,15,0.882352941
1615,14,13,0.928571429
1616,19,16,0.842105263
1617,25,24,0.96
1618,15,14,0.933333333
1619,22,18,0.818181818
1620,14,11,0.785714286
1621,21,20,0.952380952
1622,29,24,0.827586207
1623,24,21,0.875
1624,33,30,0.909090909
1625,17,16,0.941176471
1626,12,12,1
1627,23,19,0.826086957
1628,32,28,0.875
1629,10,10,1
1630,13,12,0.923076923
1631,25,22,0.88
1632,16,16,1
1633,19,16,0.842105263
1634,23,21,0.913043478
1635,11,11,1
1636,11,11,1
1637,18,17,0.944444444
1638,5,3,0.6
1639,9,8,0.888888889
1640,8,6,0.75
1641,12,11,0.916666667
1642,14,12,0.857142857
1643,9,8,0.888888889
1644,5,4,0.8
1645,1,1,1
1646,18,16,0.888888889
1647,5,5,1
1648,8,8,1
1649,8,8,1
1650,13,13,1
1651,17,7,0.411764706
1652,6,6,1
1653,5,3,0.6
1654,4,4,1
1655,2,2,1
1656,6,6,1
1657,10,9,0.9
1658,12,12,1
1659,2,1,0.5
1660,3,2,0.666666667
1661,22,21,0.954545455
1662,11,10,0.909090909
1663,7,6,0.857142857
1664,2,1,0.5
1665,10,8,0.8
1666,10,10,1
1667,8,6,0.75
1668,12,11,0.916666667
1669,3,3,1
1670,2,2,1
1671,14,13,0.928571429
1672,6,6,1
1673,8,8,1
1674,9,9,1
1675,6,5,0.833333333
1676,12,10,0.833333333
1677,11,10,0.909090909
1678,4,4,1
1679,13,12,0.923076923
1680,8,7,0.875
1681,8,6,0.75
1682,5,4,0.8
1683,26,25,0.961538462
1684,21,20,0.952380952
1685,11,10,0.909090909
1686,15,15,1
1687,9,8,0.888888889
1688,7,7,1
1689,6,5,0.833333333
1690,4,4,1
1691,3,3,1
1692,8,8,1
,33524,26089,0.819813246
