Definition: ,Percentage of secondary school age children attending secondary school,,,,,,
Denominator,De facto household population of secondary school age,,,,,,
,,,,,,,
Average:,0.424318678,,National Weighted Average,,42.27,Statcompiler,48.8
,,,,,,,
,,,,,,,
hv001,secondaryage,NARsecondary,,,,,
1,3,0,0,,,,
2,0,0,.,,,,
3,2,0,0,,,,
4,2,1,0.5,,,,
5,1,1,1,,,,
6,4,1,0.25,,,,
7,3,2,0.666666667,,,,
8,1,0,0,,,,
9,7,4,0.571428571,,,,
10,3,2,0.666666667,,,,
11,6,0,0,,,,
12,11,6,0.545454545,,,,
13,6,3,0.5,,,,
14,6,2,0.333333333,,,,
15,12,8,0.666666667,,,,
16,6,3,0.5,,,,
17,2,2,1,,,,
18,4,2,0.5,,,,
19,6,4,0.666666667,,,,
20,4,1,0.25,,,,
21,5,1,0.2,,,,
22,7,4,0.571428571,,,,
23,2,1,0.5,,,,
24,0,0,.,,,,
25,3,1,0.333333333,,,,
26,3,1,0.333333333,,,,
27,10,4,0.4,,,,
28,5,2,0.4,,,,
29,2,1,0.5,,,,
30,6,5,0.833333333,,,,
31,1,0,0,,,,
32,1,0,0,,,,
33,6,3,0.5,,,,
34,5,1,0.2,,,,
35,5,2,0.4,,,,
36,8,1,0.125,,,,
37,4,0,0,,,,
38,8,4,0.5,,,,
39,5,2,0.4,,,,
40,6,1,0.166666667,,,,
41,13,1,0.076923077,,,,
42,18,5,0.277777778,,,,
43,6,0,0,,,,
44,15,2,0.133333333,,,,
45,6,1,0.166666667,,,,
46,20,3,0.15,,,,
47,11,0,0,,,,
48,15,0,0,,,,
49,3,0,0,,,,
50,13,1,0.076923077,,,,
51,7,3,0.428571429,,,,
52,10,1,0.1,,,,
53,11,0,0,,,,
54,7,2,0.285714286,,,,
55,15,6,0.4,,,,
56,8,3,0.375,,,,
57,5,2,0.4,,,,
58,4,2,0.5,,,,
59,1,1,1,,,,
60,4,0,0,,,,
61,4,1,0.25,,,,
62,6,3,0.5,,,,
63,3,1,0.333333333,,,,
64,7,1,0.142857143,,,,
65,19,2,0.105263158,,,,
66,13,6,0.461538462,,,,
67,3,1,0.333333333,,,,
68,16,4,0.25,,,,
69,16,0,0,,,,
70,8,1,0.125,,,,
71,3,1,0.333333333,,,,
72,19,1,0.052631579,,,,
73,3,0,0,,,,
74,9,0,0,,,,
75,5,0,0,,,,
76,28,3,0.107142857,,,,
77,17,3,0.176470588,,,,
78,13,3,0.230769231,,,,
79,19,2,0.105263158,,,,
80,8,3,0.375,,,,
81,9,4,0.444444444,,,,
82,8,0,0,,,,
83,13,3,0.230769231,,,,
84,10,0,0,,,,
85,6,1,0.166666667,,,,
86,3,0,0,,,,
87,8,1,0.125,,,,
88,3,0,0,,,,
89,4,0,0,,,,
90,3,0,0,,,,
91,9,0,0,,,,
92,0,0,.,,,,
93,4,1,0.25,,,,
94,0,0,.,,,,
95,6,3,0.5,,,,
96,13,3,0.230769231,,,,
97,19,1,0.052631579,,,,
98,19,0,0,,,,
99,19,1,0.052631579,,,,
100,3,0,0,,,,
101,2,1,0.5,,,,
102,0,0,.,,,,
103,4,2,0.5,,,,
104,14,4,0.285714286,,,,
105,8,5,0.625,,,,
106,11,1,0.090909091,,,,
107,2,1,0.5,,,,
108,2,0,0,,,,
109,5,3,0.6,,,,
110,12,1,0.083333333,,,,
111,12,4,0.333333333,,,,
112,9,1,0.111111111,,,,
113,4,0,0,,,,
114,13,1,0.076923077,,,,
115,13,0,0,,,,
116,11,2,0.181818182,,,,
117,17,5,0.294117647,,,,
118,18,0,0,,,,
119,5,0,0,,,,
120,10,0,0,,,,
121,15,0,0,,,,
122,9,2,0.222222222,,,,
123,5,1,0.2,,,,
124,11,2,0.181818182,,,,
125,13,0,0,,,,
126,3,0,0,,,,
127,4,1,0.25,,,,
128,4,1,0.25,,,,
129,3,2,0.666666667,,,,
130,6,0,0,,,,
131,9,4,0.444444444,,,,
132,13,1,0.076923077,,,,
133,2,0,0,,,,
134,9,0,0,,,,
135,9,0,0,,,,
136,9,0,0,,,,
137,12,5,0.416666667,,,,
138,7,3,0.428571429,,,,
139,15,3,0.2,,,,
140,3,1,0.333333333,,,,
141,10,2,0.2,,,,
142,5,1,0.2,,,,
143,11,7,0.636363636,,,,
144,7,0,0,,,,
145,6,4,0.666666667,,,,
146,20,8,0.4,,,,
147,17,3,0.176470588,,,,
148,10,2,0.2,,,,
149,7,1,0.142857143,,,,
150,5,1,0.2,,,,
151,8,3,0.375,,,,
152,5,2,0.4,,,,
153,2,1,0.5,,,,
154,14,6,0.428571429,,,,
155,3,2,0.666666667,,,,
156,3,2,0.666666667,,,,
157,14,4,0.285714286,,,,
158,8,4,0.5,,,,
159,7,1,0.142857143,,,,
160,6,3,0.5,,,,
161,6,1,0.166666667,,,,
162,16,0,0,,,,
163,6,2,0.333333333,,,,
164,6,2,0.333333333,,,,
165,21,0,0,,,,
166,12,7,0.583333333,,,,
167,5,0,0,,,,
168,7,5,0.714285714,,,,
169,7,3,0.428571429,,,,
170,4,2,0.5,,,,
171,3,1,0.333333333,,,,
172,1,1,1,,,,
173,14,4,0.285714286,,,,
174,3,2,0.666666667,,,,
175,13,1,0.076923077,,,,
176,4,4,1,,,,
177,8,5,0.625,,,,
178,5,2,0.4,,,,
179,7,4,0.571428571,,,,
180,5,1,0.2,,,,
181,1,1,1,,,,
182,7,3,0.428571429,,,,
183,8,4,0.5,,,,
184,2,2,1,,,,
185,4,1,0.25,,,,
186,2,1,0.5,,,,
187,4,4,1,,,,
188,11,5,0.454545455,,,,
189,4,2,0.5,,,,
190,10,2,0.2,,,,
191,4,2,0.5,,,,
192,2,2,1,,,,
193,2,0,0,,,,
194,1,1,1,,,,
195,13,5,0.384615385,,,,
196,5,4,0.8,,,,
197,0,0,.,,,,
198,3,2,0.666666667,,,,
199,3,2,0.666666667,,,,
200,7,3,0.428571429,,,,
201,6,3,0.5,,,,
202,1,1,1,,,,
203,1,1,1,,,,
204,3,2,0.666666667,,,,
205,2,2,1,,,,
206,8,3,0.375,,,,
207,4,3,0.75,,,,
208,3,3,1,,,,
209,7,2,0.285714286,,,,
210,13,4,0.307692308,,,,
211,13,1,0.076923077,,,,
212,13,4,0.307692308,,,,
213,8,0,0,,,,
214,12,0,0,,,,
215,18,1,0.055555556,,,,
216,11,6,0.545454545,,,,
217,12,5,0.416666667,,,,
218,16,8,0.5,,,,
219,1,0,0,,,,
220,23,5,0.217391304,,,,
221,22,6,0.272727273,,,,
222,11,4,0.363636364,,,,
223,15,2,0.133333333,,,,
224,17,2,0.117647059,,,,
225,10,0,0,,,,
226,3,1,0.333333333,,,,
227,20,3,0.15,,,,
228,16,1,0.0625,,,,
229,12,0,0,,,,
230,5,0,0,,,,
231,2,0,0,,,,
232,4,0,0,,,,
233,5,1,0.2,,,,
234,11,1,0.090909091,,,,
235,13,3,0.230769231,,,,
236,5,2,0.4,,,,
237,20,0,0,,,,
238,3,0,0,,,,
239,19,4,0.210526316,,,,
240,6,2,0.333333333,,,,
241,15,2,0.133333333,,,,
242,15,2,0.133333333,,,,
243,20,7,0.35,,,,
244,20,8,0.4,,,,
245,4,1,0.25,,,,
246,15,4,0.266666667,,,,
247,0,0,.,,,,
248,4,0,0,,,,
249,12,2,0.166666667,,,,
250,20,7,0.35,,,,
251,11,3,0.272727273,,,,
252,12,9,0.75,,,,
253,13,6,0.461538462,,,,
254,31,24,0.774193548,,,,
255,8,0,0,,,,
256,19,6,0.315789474,,,,
257,18,1,0.055555556,,,,
258,19,10,0.526315789,,,,
259,1,0,0,,,,
260,30,9,0.3,,,,
261,9,2,0.222222222,,,,
262,16,6,0.375,,,,
263,26,11,0.423076923,,,,
264,25,7,0.28,,,,
265,18,7,0.388888889,,,,
266,14,5,0.357142857,,,,
267,16,5,0.3125,,,,
268,13,5,0.384615385,,,,
269,19,2,0.105263158,,,,
270,9,1,0.111111111,,,,
271,6,0,0,,,,
272,7,2,0.285714286,,,,
273,5,0,0,,,,
274,21,8,0.380952381,,,,
275,2,0,0,,,,
276,3,0,0,,,,
277,6,1,0.166666667,,,,
278,3,0,0,,,,
279,6,2,0.333333333,,,,
280,7,3,0.428571429,,,,
281,13,5,0.384615385,,,,
282,8,0,0,,,,
283,12,3,0.25,,,,
284,10,2,0.2,,,,
285,10,0,0,,,,
286,11,0,0,,,,
287,13,1,0.076923077,,,,
288,2,0,0,,,,
289,16,6,0.375,,,,
290,14,3,0.214285714,,,,
291,3,2,0.666666667,,,,
292,17,3,0.176470588,,,,
293,25,8,0.32,,,,
294,13,1,0.076923077,,,,
295,7,0,0,,,,
296,8,2,0.25,,,,
297,8,1,0.125,,,,
298,14,7,0.5,,,,
299,12,2,0.166666667,,,,
300,20,2,0.1,,,,
301,20,3,0.15,,,,
302,16,2,0.125,,,,
303,14,2,0.142857143,,,,
304,10,2,0.2,,,,
305,21,2,0.095238095,,,,
307,5,0,0,,,,
308,17,2,0.117647059,,,,
309,18,3,0.166666667,,,,
310,10,1,0.1,,,,
311,3,0,0,,,,
312,6,1,0.166666667,,,,
313,8,3,0.375,,,,
314,6,0,0,,,,
315,8,6,0.75,,,,
316,2,0,0,,,,
317,4,2,0.5,,,,
318,3,2,0.666666667,,,,
319,3,3,1,,,,
320,7,1,0.142857143,,,,
321,13,10,0.769230769,,,,
322,11,0,0,,,,
323,10,2,0.2,,,,
324,9,2,0.222222222,,,,
325,4,0,0,,,,
326,6,0,0,,,,
327,21,9,0.428571429,,,,
328,6,2,0.333333333,,,,
329,8,3,0.375,,,,
330,15,0,0,,,,
331,19,2,0.105263158,,,,
332,11,7,0.636363636,,,,
333,7,3,0.428571429,,,,
334,2,1,0.5,,,,
335,10,3,0.3,,,,
336,6,1,0.166666667,,,,
337,9,0,0,,,,
338,1,0,0,,,,
339,7,3,0.428571429,,,,
340,9,0,0,,,,
341,10,6,0.6,,,,
342,5,2,0.4,,,,
343,3,0,0,,,,
344,9,3,0.333333333,,,,
345,8,4,0.5,,,,
346,7,3,0.428571429,,,,
347,13,1,0.076923077,,,,
348,12,6,0.5,,,,
349,4,0,0,,,,
350,8,1,0.125,,,,
351,11,5,0.454545455,,,,
352,11,5,0.454545455,,,,
353,11,2,0.181818182,,,,
354,11,1,0.090909091,,,,
355,19,10,0.526315789,,,,
356,23,11,0.47826087,,,,
357,6,1,0.166666667,,,,
358,7,4,0.571428571,,,,
359,3,1,0.333333333,,,,
360,4,3,0.75,,,,
361,7,5,0.714285714,,,,
362,12,7,0.583333333,,,,
363,0,0,.,,,,
364,2,0,0,,,,
365,1,1,1,,,,
366,14,6,0.428571429,,,,
367,3,1,0.333333333,,,,
368,10,0,0,,,,
369,7,0,0,,,,
370,1,0,0,,,,
371,4,0,0,,,,
372,12,5,0.416666667,,,,
373,8,2,0.25,,,,
374,4,1,0.25,,,,
375,12,3,0.25,,,,
376,6,2,0.333333333,,,,
377,3,1,0.333333333,,,,
378,4,3,0.75,,,,
379,7,3,0.428571429,,,,
380,0,0,.,,,,
381,1,1,1,,,,
382,8,0,0,,,,
383,11,3,0.272727273,,,,
384,14,3,0.214285714,,,,
385,12,5,0.416666667,,,,
386,3,2,0.666666667,,,,
387,5,3,0.6,,,,
388,7,5,0.714285714,,,,
389,15,4,0.266666667,,,,
390,2,0,0,,,,
391,6,0,0,,,,
392,2,0,0,,,,
393,7,4,0.571428571,,,,
394,4,2,0.5,,,,
395,1,1,1,,,,
396,5,2,0.4,,,,
397,3,0,0,,,,
398,2,0,0,,,,
399,4,3,0.75,,,,
400,1,0,0,,,,
401,5,4,0.8,,,,
402,4,4,1,,,,
403,7,2,0.285714286,,,,
404,0,0,.,,,,
405,2,1,0.5,,,,
406,6,1,0.166666667,,,,
407,8,7,0.875,,,,
408,2,1,0.5,,,,
409,11,3,0.272727273,,,,
410,8,3,0.375,,,,
411,8,3,0.375,,,,
412,11,4,0.363636364,,,,
413,5,1,0.2,,,,
414,12,9,0.75,,,,
415,6,3,0.5,,,,
416,9,1,0.111111111,,,,
417,3,1,0.333333333,,,,
418,8,3,0.375,,,,
419,2,1,0.5,,,,
420,4,2,0.5,,,,
421,9,8,0.888888889,,,,
422,6,5,0.833333333,,,,
423,10,5,0.5,,,,
424,7,4,0.571428571,,,,
425,9,5,0.555555556,,,,
426,2,0,0,,,,
427,4,1,0.25,,,,
428,11,6,0.545454545,,,,
429,11,4,0.363636364,,,,
430,1,1,1,,,,
431,0,0,.,,,,
432,3,3,1,,,,
433,1,1,1,,,,
434,1,1,1,,,,
435,2,2,1,,,,
436,9,2,0.222222222,,,,
437,2,2,1,,,,
438,6,2,0.333333333,,,,
439,5,0,0,,,,
440,3,0,0,,,,
441,4,0,0,,,,
442,4,1,0.25,,,,
443,9,1,0.111111111,,,,
444,1,1,1,,,,
445,14,7,0.5,,,,
446,2,0,0,,,,
447,6,1,0.166666667,,,,
448,3,2,0.666666667,,,,
449,2,0,0,,,,
450,8,4,0.5,,,,
451,3,2,0.666666667,,,,
452,5,2,0.4,,,,
453,2,1,0.5,,,,
454,4,4,1,,,,
455,0,0,.,,,,
456,6,5,0.833333333,,,,
457,7,3,0.428571429,,,,
458,3,2,0.666666667,,,,
459,2,0,0,,,,
460,3,1,0.333333333,,,,
461,3,3,1,,,,
462,0,0,.,,,,
463,0,0,.,,,,
464,6,4,0.666666667,,,,
465,6,6,1,,,,
466,11,7,0.636363636,,,,
467,2,1,0.5,,,,
468,4,3,0.75,,,,
469,7,5,0.714285714,,,,
470,7,5,0.714285714,,,,
471,6,3,0.5,,,,
472,3,2,0.666666667,,,,
473,1,1,1,,,,
474,4,2,0.5,,,,
475,3,2,0.666666667,,,,
476,4,3,0.75,,,,
477,6,2,0.333333333,,,,
478,5,2,0.4,,,,
479,8,1,0.125,,,,
480,4,3,0.75,,,,
481,8,5,0.625,,,,
482,7,3,0.428571429,,,,
483,4,0,0,,,,
484,7,2,0.285714286,,,,
485,10,5,0.5,,,,
486,5,3,0.6,,,,
487,7,0,0,,,,
488,7,3,0.428571429,,,,
489,1,0,0,,,,
490,1,1,1,,,,
491,5,2,0.4,,,,
492,2,2,1,,,,
493,13,5,0.384615385,,,,
494,2,0,0,,,,
495,3,1,0.333333333,,,,
496,13,4,0.307692308,,,,
497,17,3,0.176470588,,,,
498,7,2,0.285714286,,,,
499,0,0,.,,,,
500,8,4,0.5,,,,
501,13,9,0.692307692,,,,
502,4,1,0.25,,,,
503,7,2,0.285714286,,,,
504,12,6,0.5,,,,
505,13,8,0.615384615,,,,
506,13,3,0.230769231,,,,
507,15,4,0.266666667,,,,
508,16,11,0.6875,,,,
509,9,4,0.444444444,,,,
510,4,3,0.75,,,,
511,1,1,1,,,,
512,4,1,0.25,,,,
513,8,5,0.625,,,,
514,11,3,0.272727273,,,,
515,6,2,0.333333333,,,,
516,8,3,0.375,,,,
517,9,3,0.333333333,,,,
518,12,2,0.166666667,,,,
519,6,3,0.5,,,,
520,4,4,1,,,,
521,3,1,0.333333333,,,,
522,3,1,0.333333333,,,,
523,0,0,.,,,,
524,3,3,1,,,,
525,0,0,.,,,,
526,6,5,0.833333333,,,,
527,2,2,1,,,,
528,9,6,0.666666667,,,,
529,8,4,0.5,,,,
530,4,3,0.75,,,,
531,11,8,0.727272727,,,,
532,4,2,0.5,,,,
533,11,9,0.818181818,,,,
534,6,5,0.833333333,,,,
535,5,3,0.6,,,,
536,12,6,0.5,,,,
537,10,8,0.8,,,,
538,1,1,1,,,,
539,2,1,0.5,,,,
540,3,2,0.666666667,,,,
541,3,3,1,,,,
542,5,4,0.8,,,,
543,9,6,0.666666667,,,,
544,18,10,0.555555556,,,,
545,6,2,0.333333333,,,,
546,8,2,0.25,,,,
547,13,8,0.615384615,,,,
548,1,1,1,,,,
549,11,5,0.454545455,,,,
550,5,1,0.2,,,,
551,10,4,0.4,,,,
552,11,7,0.636363636,,,,
553,11,6,0.545454545,,,,
554,12,7,0.583333333,,,,
555,8,8,1,,,,
556,10,8,0.8,,,,
557,10,5,0.5,,,,
558,0,0,.,,,,
559,8,4,0.5,,,,
560,3,2,0.666666667,,,,
561,5,2,0.4,,,,
562,2,0,0,,,,
563,9,3,0.333333333,,,,
564,10,5,0.5,,,,
565,7,5,0.714285714,,,,
566,16,11,0.6875,,,,
567,3,2,0.666666667,,,,
568,10,6,0.6,,,,
569,4,0,0,,,,
570,1,0,0,,,,
571,2,0,0,,,,
572,10,4,0.4,,,,
573,7,2,0.285714286,,,,
574,8,2,0.25,,,,
575,6,0,0,,,,
576,3,2,0.666666667,,,,
577,1,0,0,,,,
578,5,4,0.8,,,,
579,5,4,0.8,,,,
580,13,7,0.538461538,,,,
581,8,3,0.375,,,,
582,13,7,0.538461538,,,,
583,12,2,0.166666667,,,,
584,12,3,0.25,,,,
585,4,2,0.5,,,,
586,11,6,0.545454545,,,,
587,2,0,0,,,,
588,2,1,0.5,,,,
589,14,2,0.142857143,,,,
590,9,6,0.666666667,,,,
591,2,2,1,,,,
592,10,5,0.5,,,,
593,4,1,0.25,,,,
594,5,3,0.6,,,,
595,0,0,.,,,,
596,5,1,0.2,,,,
597,5,5,1,,,,
598,12,5,0.416666667,,,,
599,2,1,0.5,,,,
600,3,2,0.666666667,,,,
601,4,3,0.75,,,,
602,10,6,0.6,,,,
603,14,10,0.714285714,,,,
604,13,2,0.153846154,,,,
605,11,4,0.363636364,,,,
606,8,6,0.75,,,,
607,1,1,1,,,,
608,6,4,0.666666667,,,,
609,9,4,0.444444444,,,,
610,2,2,1,,,,
611,15,6,0.4,,,,
612,2,2,1,,,,
613,12,9,0.75,,,,
614,14,7,0.5,,,,
615,10,6,0.6,,,,
616,7,5,0.714285714,,,,
617,7,6,0.857142857,,,,
618,11,6,0.545454545,,,,
619,3,3,1,,,,
620,7,7,1,,,,
621,6,5,0.833333333,,,,
622,1,1,1,,,,
623,5,4,0.8,,,,
624,3,0,0,,,,
625,1,1,1,,,,
626,8,8,1,,,,
627,9,6,0.666666667,,,,
628,4,3,0.75,,,,
629,8,7,0.875,,,,
630,5,5,1,,,,
631,2,2,1,,,,
632,3,1,0.333333333,,,,
633,5,2,0.4,,,,
634,1,0,0,,,,
635,5,2,0.4,,,,
636,3,2,0.666666667,,,,
637,1,1,1,,,,
638,3,1,0.333333333,,,,
639,3,1,0.333333333,,,,
640,6,2,0.333333333,,,,
641,7,4,0.571428571,,,,
642,5,2,0.4,,,,
643,7,7,1,,,,
644,6,4,0.666666667,,,,
645,2,1,0.5,,,,
646,3,2,0.666666667,,,,
647,8,7,0.875,,,,
648,3,2,0.666666667,,,,
649,1,1,1,,,,
650,3,2,0.666666667,,,,
651,2,0,0,,,,
652,5,3,0.6,,,,
653,6,5,0.833333333,,,,
654,7,4,0.571428571,,,,
655,10,8,0.8,,,,
656,3,1,0.333333333,,,,
657,1,1,1,,,,
658,5,4,0.8,,,,
659,3,1,0.333333333,,,,
660,4,3,0.75,,,,
661,3,3,1,,,,
662,4,4,1,,,,
663,2,2,1,,,,
664,2,2,1,,,,
665,3,1,0.333333333,,,,
666,2,1,0.5,,,,
667,1,1,1,,,,
668,2,0,0,,,,
669,9,7,0.777777778,,,,
670,2,1,0.5,,,,
671,2,2,1,,,,
672,5,5,1,,,,
673,3,3,1,,,,
674,5,5,1,,,,
675,7,5,0.714285714,,,,
676,1,1,1,,,,
677,3,3,1,,,,
678,6,3,0.5,,,,
679,2,1,0.5,,,,
680,6,4,0.666666667,,,,
681,4,1,0.25,,,,
682,4,4,1,,,,
683,4,2,0.5,,,,
684,3,1,0.333333333,,,,
685,6,3,0.5,,,,
686,2,0,0,,,,
687,0,0,.,,,,
688,1,1,1,,,,
689,6,3,0.5,,,,
690,6,3,0.5,,,,
691,0,0,.,,,,
692,7,5,0.714285714,,,,
693,10,6,0.6,,,,
694,2,0,0,,,,
695,9,6,0.666666667,,,,
696,14,8,0.571428571,,,,
697,6,2,0.333333333,,,,
698,8,6,0.75,,,,
699,4,4,1,,,,
700,6,4,0.666666667,,,,
701,3,1,0.333333333,,,,
702,5,2,0.4,,,,
703,1,0,0,,,,
704,4,1,0.25,,,,
705,4,2,0.5,,,,
706,2,0,0,,,,
707,4,2,0.5,,,,
708,7,5,0.714285714,,,,
709,5,2,0.4,,,,
710,12,5,0.416666667,,,,
711,5,3,0.6,,,,
712,9,8,0.888888889,,,,
713,6,2,0.333333333,,,,
714,3,1,0.333333333,,,,
715,3,1,0.333333333,,,,
716,10,7,0.7,,,,
717,6,2,0.333333333,,,,
718,4,1,0.25,,,,
719,2,0,0,,,,
720,6,4,0.666666667,,,,
721,6,2,0.333333333,,,,
722,8,6,0.75,,,,
723,4,3,0.75,,,,
724,5,4,0.8,,,,
725,6,6,1,,,,
726,11,9,0.818181818,,,,
727,8,3,0.375,,,,
728,9,7,0.777777778,,,,
729,2,1,0.5,,,,
730,4,3,0.75,,,,
731,6,4,0.666666667,,,,
732,3,2,0.666666667,,,,
733,4,3,0.75,,,,
734,8,4,0.5,,,,
735,4,3,0.75,,,,
736,3,2,0.666666667,,,,
737,7,5,0.714285714,,,,
738,5,5,1,,,,
739,2,1,0.5,,,,
740,3,3,1,,,,
741,5,2,0.4,,,,
742,3,3,1,,,,
743,4,3,0.75,,,,
744,3,3,1,,,,
745,7,6,0.857142857,,,,
746,1,0,0,,,,
747,8,5,0.625,,,,
748,5,3,0.6,,,,
749,3,3,1,,,,
750,2,1,0.5,,,,
751,5,5,1,,,,
752,0,0,.,,,,
753,4,1,0.25,,,,
754,4,1,0.25,,,,
755,5,4,0.8,,,,
756,0,0,.,,,,
757,0,0,.,,,,
758,1,1,1,,,,
759,9,5,0.555555556,,,,
760,1,1,1,,,,
761,5,4,0.8,,,,
762,3,1,0.333333333,,,,
763,1,1,1,,,,
764,5,5,1,,,,
765,3,3,1,,,,
766,4,0,0,,,,
767,5,4,0.8,,,,
768,1,1,1,,,,
769,0,0,.,,,,
770,1,1,1,,,,
771,2,2,1,,,,
772,1,1,1,,,,
773,2,1,0.5,,,,
774,6,4,0.666666667,,,,
775,8,6,0.75,,,,
776,7,3,0.428571429,,,,
777,2,2,1,,,,
778,4,0,0,,,,
779,5,0,0,,,,
780,11,0,0,,,,
781,10,0,0,,,,
782,4,0,0,,,,
783,8,2,0.25,,,,
784,9,3,0.333333333,,,,
785,8,3,0.375,,,,
786,5,1,0.2,,,,
787,13,5,0.384615385,,,,
788,8,3,0.375,,,,
789,14,4,0.285714286,,,,
790,3,0,0,,,,
791,9,1,0.111111111,,,,
792,3,1,0.333333333,,,,
793,4,0,0,,,,
794,7,0,0,,,,
795,15,5,0.333333333,,,,
796,1,0,0,,,,
797,5,1,0.2,,,,
798,8,0,0,,,,
799,7,0,0,,,,
800,6,3,0.5,,,,
801,12,1,0.083333333,,,,
802,5,0,0,,,,
803,2,0,0,,,,
804,12,5,0.416666667,,,,
805,9,1,0.111111111,,,,
806,1,0,0,,,,
807,8,2,0.25,,,,
808,4,0,0,,,,
809,3,1,0.333333333,,,,
810,2,0,0,,,,
811,10,3,0.3,,,,
812,6,0,0,,,,
813,5,1,0.2,,,,
814,19,4,0.210526316,,,,
815,20,8,0.4,,,,
816,10,2,0.2,,,,
817,14,7,0.5,,,,
818,21,11,0.523809524,,,,
819,11,0,0,,,,
820,7,0,0,,,,
821,10,1,0.1,,,,
822,8,3,0.375,,,,
823,6,0,0,,,,
824,4,0,0,,,,
825,4,0,0,,,,
826,3,0,0,,,,
827,6,0,0,,,,
828,3,0,0,,,,
829,10,3,0.3,,,,
830,3,0,0,,,,
831,19,6,0.315789474,,,,
832,15,5,0.333333333,,,,
833,19,8,0.421052632,,,,
834,9,1,0.111111111,,,,
835,10,4,0.4,,,,
836,4,1,0.25,,,,
837,10,4,0.4,,,,
838,6,4,0.666666667,,,,
839,5,3,0.6,,,,
840,16,12,0.75,,,,
841,9,0,0,,,,
842,4,1,0.25,,,,
843,6,4,0.666666667,,,,
844,5,1,0.2,,,,
845,13,6,0.461538462,,,,
846,11,3,0.272727273,,,,
847,4,0,0,,,,
848,5,3,0.6,,,,
849,6,5,0.833333333,,,,
850,3,0,0,,,,
851,3,0,0,,,,
852,6,3,0.5,,,,
853,14,2,0.142857143,,,,
854,4,2,0.5,,,,
855,2,0,0,,,,
856,6,3,0.5,,,,
857,2,0,0,,,,
858,6,1,0.166666667,,,,
859,5,1,0.2,,,,
860,4,2,0.5,,,,
861,8,2,0.25,,,,
862,8,0,0,,,,
863,5,3,0.6,,,,
864,11,1,0.090909091,,,,
865,11,4,0.363636364,,,,
866,14,2,0.142857143,,,,
867,3,0,0,,,,
868,7,0,0,,,,
869,10,1,0.1,,,,
870,5,1,0.2,,,,
871,14,8,0.571428571,,,,
872,4,2,0.5,,,,
873,7,2,0.285714286,,,,
874,3,1,0.333333333,,,,
875,12,2,0.166666667,,,,
876,10,0,0,,,,
877,11,3,0.272727273,,,,
878,8,0,0,,,,
879,11,4,0.363636364,,,,
880,14,10,0.714285714,,,,
881,11,6,0.545454545,,,,
882,12,6,0.5,,,,
883,5,3,0.6,,,,
884,1,1,1,,,,
885,2,2,1,,,,
886,1,0,0,,,,
887,5,3,0.6,,,,
888,8,7,0.875,,,,
889,14,7,0.5,,,,
890,10,4,0.4,,,,
891,5,2,0.4,,,,
892,5,2,0.4,,,,
893,8,2,0.25,,,,
894,10,5,0.5,,,,
895,3,2,0.666666667,,,,
896,14,4,0.285714286,,,,
897,8,5,0.625,,,,
898,15,5,0.333333333,,,,
899,7,3,0.428571429,,,,
900,5,4,0.8,,,,
901,13,4,0.307692308,,,,
902,17,8,0.470588235,,,,
903,17,5,0.294117647,,,,
904,11,4,0.363636364,,,,
905,1,0,0,,,,
906,5,3,0.6,,,,
907,12,4,0.333333333,,,,
908,9,5,0.555555556,,,,
909,3,1,0.333333333,,,,
910,2,1,0.5,,,,
911,16,9,0.5625,,,,
912,10,4,0.4,,,,
913,17,2,0.117647059,,,,
914,9,5,0.555555556,,,,
915,0,0,.,,,,
916,4,1,0.25,,,,
917,1,0,0,,,,
918,3,0,0,,,,
919,6,4,0.666666667,,,,
920,2,0,0,,,,
921,0,0,.,,,,
922,10,1,0.1,,,,
923,4,2,0.5,,,,
924,2,1,0.5,,,,
925,6,1,0.166666667,,,,
926,5,4,0.8,,,,
927,8,5,0.625,,,,
928,1,1,1,,,,
929,6,2,0.333333333,,,,
930,3,2,0.666666667,,,,
931,6,0,0,,,,
932,8,6,0.75,,,,
933,9,5,0.555555556,,,,
934,4,3,0.75,,,,
935,7,1,0.142857143,,,,
936,3,0,0,,,,
937,12,7,0.583333333,,,,
938,4,4,1,,,,
939,5,3,0.6,,,,
940,22,11,0.5,,,,
941,8,1,0.125,,,,
942,16,5,0.3125,,,,
943,6,4,0.666666667,,,,
944,14,4,0.285714286,,,,
945,11,2,0.181818182,,,,
946,3,1,0.333333333,,,,
947,1,1,1,,,,
948,6,2,0.333333333,,,,
949,2,2,1,,,,
950,4,3,0.75,,,,
951,2,1,0.5,,,,
952,13,4,0.307692308,,,,
953,0,0,.,,,,
954,4,1,0.25,,,,
955,2,1,0.5,,,,
956,1,0,0,,,,
957,4,0,0,,,,
958,9,5,0.555555556,,,,
959,5,2,0.4,,,,
960,2,1,0.5,,,,
961,6,2,0.333333333,,,,
962,9,2,0.222222222,,,,
963,7,5,0.714285714,,,,
964,14,6,0.428571429,,,,
965,2,1,0.5,,,,
966,11,6,0.545454545,,,,
967,8,5,0.625,,,,
968,8,2,0.25,,,,
969,8,1,0.125,,,,
970,12,5,0.416666667,,,,
971,12,6,0.5,,,,
972,13,5,0.384615385,,,,
973,2,0,0,,,,
974,7,2,0.285714286,,,,
975,17,4,0.235294118,,,,
976,8,3,0.375,,,,
977,15,7,0.466666667,,,,
978,9,6,0.666666667,,,,
979,10,6,0.6,,,,
980,5,4,0.8,,,,
981,3,1,0.333333333,,,,
982,12,7,0.583333333,,,,
983,9,5,0.555555556,,,,
984,22,16,0.727272727,,,,
985,9,3,0.333333333,,,,
986,14,5,0.357142857,,,,
987,8,4,0.5,,,,
988,8,5,0.625,,,,
989,8,2,0.25,,,,
990,7,2,0.285714286,,,,
991,9,4,0.444444444,,,,
992,11,1,0.090909091,,,,
993,10,3,0.3,,,,
994,8,3,0.375,,,,
995,12,3,0.25,,,,
996,10,4,0.4,,,,
997,1,1,1,,,,
998,11,2,0.181818182,,,,
999,9,5,0.555555556,,,,
1000,6,2,0.333333333,,,,
1001,12,5,0.416666667,,,,
1002,5,3,0.6,,,,
1003,7,5,0.714285714,,,,
1004,5,0,0,,,,
1005,4,4,1,,,,
1006,0,0,.,,,,
1007,10,4,0.4,,,,
1008,3,0,0,,,,
1009,10,2,0.2,,,,
1010,7,0,0,,,,
1011,8,5,0.625,,,,
1012,2,0,0,,,,
1013,11,7,0.636363636,,,,
1014,22,11,0.5,,,,
1015,15,8,0.533333333,,,,
1016,6,1,0.166666667,,,,
1017,11,3,0.272727273,,,,
1018,14,6,0.428571429,,,,
1019,14,8,0.571428571,,,,
1020,11,7,0.636363636,,,,
1021,6,2,0.333333333,,,,
1022,7,2,0.285714286,,,,
1023,1,0,0,,,,
1024,4,2,0.5,,,,
1025,4,2,0.5,,,,
1026,15,9,0.6,,,,
1027,15,10,0.666666667,,,,
1028,10,4,0.4,,,,
1029,10,3,0.3,,,,
1030,10,3,0.3,,,,
1031,15,8,0.533333333,,,,
1032,9,4,0.444444444,,,,
1033,14,4,0.285714286,,,,
1034,10,4,0.4,,,,
1035,3,2,0.666666667,,,,
1036,4,0,0,,,,
1037,6,3,0.5,,,,
1038,4,3,0.75,,,,
1039,4,2,0.5,,,,
1040,7,3,0.428571429,,,,
1041,3,1,0.333333333,,,,
1042,2,1,0.5,,,,
1043,6,4,0.666666667,,,,
1044,5,5,1,,,,
1045,2,2,1,,,,
1046,6,3,0.5,,,,
1047,13,4,0.307692308,,,,
1048,21,4,0.19047619,,,,
1049,14,5,0.357142857,,,,
1050,13,0,0,,,,
1051,10,5,0.5,,,,
1052,13,1,0.076923077,,,,
1053,6,0,0,,,,
1054,17,0,0,,,,
1055,6,6,1,,,,
1056,2,1,0.5,,,,
1057,5,3,0.6,,,,
1058,14,11,0.785714286,,,,
1059,3,2,0.666666667,,,,
1060,13,10,0.769230769,,,,
1061,6,3,0.5,,,,
1062,13,9,0.692307692,,,,
1063,8,6,0.75,,,,
1064,0,0,.,,,,
1065,4,2,0.5,,,,
1066,7,4,0.571428571,,,,
1067,2,2,1,,,,
1068,0,0,.,,,,
1069,11,7,0.636363636,,,,
1070,4,2,0.5,,,,
1071,14,2,0.142857143,,,,
1072,9,6,0.666666667,,,,
1073,3,3,1,,,,
1074,5,2,0.4,,,,
1075,5,3,0.6,,,,
1076,17,0,0,,,,
1077,10,1,0.1,,,,
1078,9,8,0.888888889,,,,
1079,9,8,0.888888889,,,,
1080,4,2,0.5,,,,
1081,4,2,0.5,,,,
1082,4,2,0.5,,,,
1083,11,6,0.545454545,,,,
1084,3,2,0.666666667,,,,
1085,6,4,0.666666667,,,,
1086,13,9,0.692307692,,,,
1087,2,0,0,,,,
1088,4,1,0.25,,,,
1089,11,5,0.454545455,,,,
1090,2,0,0,,,,
1091,6,2,0.333333333,,,,
1092,21,8,0.380952381,,,,
1093,12,4,0.333333333,,,,
1094,6,3,0.5,,,,
1095,7,3,0.428571429,,,,
1096,8,4,0.5,,,,
1097,9,4,0.444444444,,,,
1098,4,0,0,,,,
1099,7,4,0.571428571,,,,
1100,9,5,0.555555556,,,,
1101,7,3,0.428571429,,,,
1102,5,4,0.8,,,,
1103,6,4,0.666666667,,,,
1104,2,1,0.5,,,,
1105,4,2,0.5,,,,
1106,6,4,0.666666667,,,,
1107,5,4,0.8,,,,
1108,2,0,0,,,,
1109,5,4,0.8,,,,
1110,6,5,0.833333333,,,,
1111,6,5,0.833333333,,,,
1112,13,9,0.692307692,,,,
1113,2,0,0,,,,
1114,11,3,0.272727273,,,,
1115,1,1,1,,,,
1116,7,4,0.571428571,,,,
1117,2,1,0.5,,,,
1118,1,1,1,,,,
1119,10,1,0.1,,,,
1120,5,4,0.8,,,,
1121,6,1,0.166666667,,,,
1122,6,2,0.333333333,,,,
1123,8,3,0.375,,,,
1124,4,2,0.5,,,,
1125,8,5,0.625,,,,
1126,10,4,0.4,,,,
1127,5,5,1,,,,
1128,13,5,0.384615385,,,,
1129,12,4,0.333333333,,,,
1130,21,7,0.333333333,,,,
1131,2,0,0,,,,
1132,3,1,0.333333333,,,,
1133,17,4,0.235294118,,,,
1134,2,2,1,,,,
1135,3,2,0.666666667,,,,
1136,11,4,0.363636364,,,,
1137,0,0,.,,,,
1138,8,7,0.875,,,,
1139,7,4,0.571428571,,,,
1140,5,2,0.4,,,,
1141,3,2,0.666666667,,,,
1142,8,1,0.125,,,,
1143,11,3,0.272727273,,,,
1144,9,0,0,,,,
1145,12,0,0,,,,
1146,13,1,0.076923077,,,,
1147,14,0,0,,,,
1148,3,0,0,,,,
1149,12,2,0.166666667,,,,
1150,16,5,0.3125,,,,
1151,8,1,0.125,,,,
1152,11,2,0.181818182,,,,
1153,1,0,0,,,,
1154,5,0,0,,,,
1155,12,1,0.083333333,,,,
1156,15,6,0.4,,,,
1157,18,3,0.166666667,,,,
1158,8,3,0.375,,,,
1159,12,3,0.25,,,,
1160,10,1,0.1,,,,
1161,12,3,0.25,,,,
1162,8,4,0.5,,,,
1163,10,1,0.1,,,,
1164,6,0,0,,,,
1165,3,2,0.666666667,,,,
1166,0,0,.,,,,
1167,12,6,0.5,,,,
1168,0,0,.,,,,
1169,0,0,.,,,,
1170,0,0,.,,,,
1171,0,0,.,,,,
1172,0,0,.,,,,
1173,8,7,0.875,,,,
1174,3,0,0,,,,
1175,4,0,0,,,,
1176,3,2,0.666666667,,,,
1177,1,0,0,,,,
1178,5,1,0.2,,,,
1179,2,1,0.5,,,,
1180,3,0,0,,,,
1181,4,3,0.75,,,,
1182,3,3,1,,,,
1183,4,3,0.75,,,,
1184,8,2,0.25,,,,
1185,6,3,0.5,,,,
1186,8,5,0.625,,,,
1187,2,0,0,,,,
1188,4,2,0.5,,,,
1189,5,0,0,,,,
1190,14,9,0.642857143,,,,
1191,11,4,0.363636364,,,,
1192,13,0,0,,,,
1193,5,0,0,,,,
1194,7,0,0,,,,
1195,2,1,0.5,,,,
1196,1,0,0,,,,
1197,6,3,0.5,,,,
1198,8,0,0,,,,
1199,2,1,0.5,,,,
1200,4,3,0.75,,,,
1201,16,10,0.625,,,,
1202,8,2,0.25,,,,
1203,15,8,0.533333333,,,,
1204,12,4,0.333333333,,,,
1205,2,0,0,,,,
1206,18,7,0.388888889,,,,
1207,6,4,0.666666667,,,,
1208,17,11,0.647058824,,,,
1209,10,8,0.8,,,,
1210,9,5,0.555555556,,,,
1211,1,1,1,,,,
1212,7,7,1,,,,
1213,5,2,0.4,,,,
1214,10,5,0.5,,,,
1215,3,3,1,,,,
1216,13,6,0.461538462,,,,
1217,15,8,0.533333333,,,,
1218,3,2,0.666666667,,,,
1219,14,6,0.428571429,,,,
1220,2,2,1,,,,
1221,6,4,0.666666667,,,,
1222,3,0,0,,,,
1223,4,4,1,,,,
1224,0,0,.,,,,
1225,7,7,1,,,,
1226,5,5,1,,,,
1227,11,7,0.636363636,,,,
1228,12,7,0.583333333,,,,
1229,16,15,0.9375,,,,
1230,6,2,0.333333333,,,,
1231,13,9,0.692307692,,,,
1232,13,6,0.461538462,,,,
1233,11,6,0.545454545,,,,
1234,11,6,0.545454545,,,,
1235,8,6,0.75,,,,
1236,7,5,0.714285714,,,,
1237,11,5,0.454545455,,,,
1238,9,4,0.444444444,,,,
1239,8,2,0.25,,,,
1240,12,4,0.333333333,,,,
1241,10,1,0.1,,,,
1242,4,0,0,,,,
1243,11,4,0.363636364,,,,
1244,14,4,0.285714286,,,,
1245,6,4,0.666666667,,,,
1246,10,4,0.4,,,,
1247,15,6,0.4,,,,
1248,3,0,0,,,,
1249,8,6,0.75,,,,
1250,9,1,0.111111111,,,,
1251,9,2,0.222222222,,,,
1252,9,5,0.555555556,,,,
1253,8,2,0.25,,,,
1254,7,4,0.571428571,,,,
1255,6,4,0.666666667,,,,
1256,22,10,0.454545455,,,,
1257,12,9,0.75,,,,
1258,14,6,0.428571429,,,,
1259,13,6,0.461538462,,,,
1260,11,3,0.272727273,,,,
1261,13,6,0.461538462,,,,
1262,3,3,1,,,,
1263,11,1,0.090909091,,,,
1264,7,1,0.142857143,,,,
1265,12,2,0.166666667,,,,
1266,12,8,0.666666667,,,,
1267,3,1,0.333333333,,,,
1268,13,5,0.384615385,,,,
1269,8,4,0.5,,,,
1270,0,0,.,,,,
1271,2,1,0.5,,,,
1272,7,1,0.142857143,,,,
1273,6,5,0.833333333,,,,
1274,13,7,0.538461538,,,,
1275,16,4,0.25,,,,
1276,19,5,0.263157895,,,,
1277,9,0,0,,,,
1278,6,1,0.166666667,,,,
1279,5,1,0.2,,,,
1280,0,0,.,,,,
1281,3,2,0.666666667,,,,
1282,7,3,0.428571429,,,,
1283,4,2,0.5,,,,
1284,0,0,.,,,,
1285,4,3,0.75,,,,
1286,8,5,0.625,,,,
1287,18,6,0.333333333,,,,
1288,12,4,0.333333333,,,,
1289,9,3,0.333333333,,,,
1290,10,1,0.1,,,,
1291,17,6,0.352941176,,,,
1292,15,5,0.333333333,,,,
1293,5,2,0.4,,,,
1294,12,3,0.25,,,,
1295,16,11,0.6875,,,,
1296,14,5,0.357142857,,,,
1297,8,5,0.625,,,,
1298,7,3,0.428571429,,,,
1299,13,9,0.692307692,,,,
1300,15,8,0.533333333,,,,
1301,10,4,0.4,,,,
1302,16,4,0.25,,,,
1303,17,3,0.176470588,,,,
1304,10,3,0.3,,,,
1305,14,4,0.285714286,,,,
1306,13,4,0.307692308,,,,
1307,6,5,0.833333333,,,,
1308,14,8,0.571428571,,,,
1309,18,4,0.222222222,,,,
1310,22,12,0.545454545,,,,
1311,15,7,0.466666667,,,,
1312,7,2,0.285714286,,,,
1313,10,3,0.3,,,,
1314,9,1,0.111111111,,,,
1315,5,3,0.6,,,,
1316,17,6,0.352941176,,,,
1317,14,3,0.214285714,,,,
1318,8,6,0.75,,,,
1319,8,1,0.125,,,,
1320,13,5,0.384615385,,,,
1321,13,9,0.692307692,,,,
1322,10,10,1,,,,
1323,8,4,0.5,,,,
1324,5,2,0.4,,,,
1325,8,2,0.25,,,,
1326,9,5,0.555555556,,,,
1327,15,3,0.2,,,,
1328,9,1,0.111111111,,,,
1329,3,1,0.333333333,,,,
1330,14,4,0.285714286,,,,
1331,6,6,1,,,,
1332,12,3,0.25,,,,
1333,15,7,0.466666667,,,,
1334,11,5,0.454545455,,,,
1335,15,4,0.266666667,,,,
1336,9,5,0.555555556,,,,
1337,22,10,0.454545455,,,,
1338,15,3,0.2,,,,
1339,9,6,0.666666667,,,,
1340,13,6,0.461538462,,,,
1341,17,6,0.352941176,,,,
1342,12,5,0.416666667,,,,
1343,15,7,0.466666667,,,,
1344,10,8,0.8,,,,
1345,13,8,0.615384615,,,,
1346,15,8,0.533333333,,,,
1347,19,5,0.263157895,,,,
1348,11,4,0.363636364,,,,
1349,16,6,0.375,,,,
1350,14,3,0.214285714,,,,
1351,10,4,0.4,,,,
1352,7,2,0.285714286,,,,
1353,20,9,0.45,,,,
1354,3,1,0.333333333,,,,
1355,1,0,0,,,,
1356,10,5,0.5,,,,
1357,10,2,0.2,,,,
1358,5,1,0.2,,,,
1359,13,4,0.307692308,,,,
1360,17,6,0.352941176,,,,
1361,8,6,0.75,,,,
1362,4,1,0.25,,,,
1363,2,0,0,,,,
1364,1,1,1,,,,
1365,6,0,0,,,,
1366,6,0,0,,,,
1367,4,2,0.5,,,,
1368,17,8,0.470588235,,,,
1369,10,3,0.3,,,,
1370,9,4,0.444444444,,,,
1371,16,2,0.125,,,,
1372,9,5,0.555555556,,,,
1373,14,5,0.357142857,,,,
1374,3,2,0.666666667,,,,
1375,11,2,0.181818182,,,,
1376,10,0,0,,,,
1377,16,7,0.4375,,,,
1378,9,5,0.555555556,,,,
1379,13,8,0.615384615,,,,
1380,19,7,0.368421053,,,,
1381,10,4,0.4,,,,
1382,9,5,0.555555556,,,,
1383,10,5,0.5,,,,
1384,4,1,0.25,,,,
1385,14,6,0.428571429,,,,
1386,7,7,1,,,,
1387,11,3,0.272727273,,,,
1388,19,3,0.157894737,,,,
1389,9,3,0.333333333,,,,
1390,7,5,0.714285714,,,,
1391,6,3,0.5,,,,
1392,8,5,0.625,,,,
1393,16,5,0.3125,,,,
1394,15,4,0.266666667,,,,
1395,19,5,0.263157895,,,,
1396,13,3,0.230769231,,,,
1397,12,3,0.25,,,,
1398,12,2,0.166666667,,,,
1399,22,10,0.454545455,,,,
1400,9,4,0.444444444,,,,
1401,6,5,0.833333333,,,,
1402,12,6,0.5,,,,
1403,10,3,0.3,,,,
1404,13,4,0.307692308,,,,
1405,14,7,0.5,,,,
1406,5,1,0.2,,,,
1407,11,3,0.272727273,,,,
1408,6,2,0.333333333,,,,
1409,12,4,0.333333333,,,,
1410,15,7,0.466666667,,,,
1411,13,4,0.307692308,,,,
1412,9,2,0.222222222,,,,
1413,8,3,0.375,,,,
1414,2,0,0,,,,
1415,3,2,0.666666667,,,,
1416,4,3,0.75,,,,
1417,10,3,0.3,,,,
1418,11,7,0.636363636,,,,
1419,8,4,0.5,,,,
1420,3,3,1,,,,
1421,6,3,0.5,,,,
1422,9,6,0.666666667,,,,
1423,10,4,0.4,,,,
1424,10,6,0.6,,,,
1425,7,2,0.285714286,,,,
1426,7,3,0.428571429,,,,
1427,12,10,0.833333333,,,,
1428,5,2,0.4,,,,
1429,12,6,0.5,,,,
1430,14,3,0.214285714,,,,
1431,6,2,0.333333333,,,,
1432,9,5,0.555555556,,,,
1433,11,6,0.545454545,,,,
1434,6,4,0.666666667,,,,
1435,2,1,0.5,,,,
1436,15,5,0.333333333,,,,
1437,11,6,0.545454545,,,,
1438,10,6,0.6,,,,
1439,4,4,1,,,,
1440,9,2,0.222222222,,,,
1441,10,4,0.4,,,,
1442,7,1,0.142857143,,,,
1443,6,4,0.666666667,,,,
1444,8,4,0.5,,,,
1445,10,7,0.7,,,,
1446,8,4,0.5,,,,
1447,7,1,0.142857143,,,,
1448,15,6,0.4,,,,
1449,9,4,0.444444444,,,,
1450,9,3,0.333333333,,,,
1451,12,7,0.583333333,,,,
1452,9,3,0.333333333,,,,
1453,23,9,0.391304348,,,,
1454,10,2,0.2,,,,
1455,10,5,0.5,,,,
1456,6,5,0.833333333,,,,
1457,2,2,1,,,,
1458,1,0,0,,,,
1459,5,5,1,,,,
1460,6,5,0.833333333,,,,
1461,6,2,0.333333333,,,,
1462,3,1,0.333333333,,,,
1463,5,1,0.2,,,,
1464,5,1,0.2,,,,
1465,7,1,0.142857143,,,,
1466,4,2,0.5,,,,
1467,3,2,0.666666667,,,,
1468,6,5,0.833333333,,,,
1469,6,4,0.666666667,,,,
1470,19,13,0.684210526,,,,
1471,7,3,0.428571429,,,,
1472,11,9,0.818181818,,,,
1473,16,6,0.375,,,,
1474,6,1,0.166666667,,,,
1475,6,2,0.333333333,,,,
1476,13,8,0.615384615,,,,
1477,10,5,0.5,,,,
1478,10,3,0.3,,,,
1479,14,6,0.428571429,,,,
1480,0,0,.,,,,
1481,0,0,.,,,,
1482,17,8,0.470588235,,,,
1483,14,5,0.357142857,,,,
1484,10,4,0.4,,,,
1485,5,2,0.4,,,,
1486,11,8,0.727272727,,,,
1487,8,2,0.25,,,,
1488,15,8,0.533333333,,,,
1489,22,12,0.545454545,,,,
1490,16,6,0.375,,,,
1491,3,2,0.666666667,,,,
1492,5,1,0.2,,,,
1493,5,4,0.8,,,,
1494,12,8,0.666666667,,,,
1495,2,2,1,,,,
1496,8,5,0.625,,,,
1497,12,5,0.416666667,,,,
1498,15,8,0.533333333,,,,
1499,13,2,0.153846154,,,,
1500,9,3,0.333333333,,,,
1501,17,9,0.529411765,,,,
1502,7,6,0.857142857,,,,
1503,15,7,0.466666667,,,,
1504,9,2,0.222222222,,,,
1505,3,1,0.333333333,,,,
1506,9,5,0.555555556,,,,
1507,9,2,0.222222222,,,,
1508,12,10,0.833333333,,,,
1509,15,6,0.4,,,,
1510,13,6,0.461538462,,,,
1511,15,11,0.733333333,,,,
1512,6,1,0.166666667,,,,
1513,6,3,0.5,,,,
1514,5,2,0.4,,,,
1515,9,3,0.333333333,,,,
1516,8,3,0.375,,,,
1517,5,0,0,,,,
1518,9,2,0.222222222,,,,
1519,19,6,0.315789474,,,,
1520,14,6,0.428571429,,,,
1521,12,5,0.416666667,,,,
1522,8,6,0.75,,,,
1523,7,1,0.142857143,,,,
1524,11,2,0.181818182,,,,
1525,9,3,0.333333333,,,,
1526,19,4,0.210526316,,,,
1527,17,8,0.470588235,,,,
1528,8,4,0.5,,,,
1529,22,6,0.272727273,,,,
1530,3,0,0,,,,
1531,19,5,0.263157895,,,,
1532,15,4,0.266666667,,,,
1533,12,3,0.25,,,,
1534,6,3,0.5,,,,
1535,5,3,0.6,,,,
1536,8,3,0.375,,,,
1537,16,7,0.4375,,,,
1538,18,10,0.555555556,,,,
1539,15,4,0.266666667,,,,
1540,11,3,0.272727273,,,,
1541,8,3,0.375,,,,
1542,8,4,0.5,,,,
1543,16,2,0.125,,,,
1544,6,2,0.333333333,,,,
1545,14,1,0.071428571,,,,
1546,10,7,0.7,,,,
1547,8,4,0.5,,,,
1548,2,1,0.5,,,,
1549,25,6,0.24,,,,
1550,3,2,0.666666667,,,,
1551,0,0,.,,,,
1552,20,4,0.2,,,,
1553,3,2,0.666666667,,,,
1554,5,2,0.4,,,,
1555,9,5,0.555555556,,,,
1556,4,1,0.25,,,,
1557,4,2,0.5,,,,
1558,16,3,0.1875,,,,
1559,9,4,0.444444444,,,,
1560,11,2,0.181818182,,,,
1561,13,1,0.076923077,,,,
1562,10,1,0.1,,,,
1563,7,1,0.142857143,,,,
1564,11,1,0.090909091,,,,
1565,9,6,0.666666667,,,,
1566,12,4,0.333333333,,,,
1567,17,5,0.294117647,,,,
1568,14,7,0.5,,,,
1569,9,5,0.555555556,,,,
1570,8,4,0.5,,,,
1571,11,6,0.545454545,,,,
1572,12,4,0.333333333,,,,
1573,4,3,0.75,,,,
1574,13,7,0.538461538,,,,
1575,20,10,0.5,,,,
1576,6,3,0.5,,,,
1577,11,8,0.727272727,,,,
1578,3,3,1,,,,
1579,3,3,1,,,,
1580,10,6,0.6,,,,
1581,2,2,1,,,,
1582,13,4,0.307692308,,,,
1583,10,2,0.2,,,,
1584,3,1,0.333333333,,,,
1585,5,2,0.4,,,,
1586,2,0,0,,,,
1587,0,0,.,,,,
1588,11,1,0.090909091,,,,
1589,8,3,0.375,,,,
1590,14,7,0.5,,,,
1591,9,5,0.555555556,,,,
1592,6,3,0.5,,,,
1593,12,5,0.416666667,,,,
1594,10,4,0.4,,,,
1595,10,2,0.2,,,,
1596,14,10,0.714285714,,,,
1597,3,3,1,,,,
1598,14,7,0.5,,,,
1599,6,4,0.666666667,,,,
1600,7,5,0.714285714,,,,
1601,3,1,0.333333333,,,,
1602,4,3,0.75,,,,
1603,5,2,0.4,,,,
1604,17,9,0.529411765,,,,
1605,3,1,0.333333333,,,,
1606,7,1,0.142857143,,,,
1607,8,2,0.25,,,,
1608,9,4,0.444444444,,,,
1609,8,4,0.5,,,,
1610,20,11,0.55,,,,
1611,8,4,0.5,,,,
1612,12,5,0.416666667,,,,
1613,11,8,0.727272727,,,,
1614,10,2,0.2,,,,
1615,1,0,0,,,,
1616,5,0,0,,,,
1617,9,2,0.222222222,,,,
1618,6,4,0.666666667,,,,
1619,8,4,0.5,,,,
1620,6,3,0.5,,,,
1621,14,12,0.857142857,,,,
1622,10,1,0.1,,,,
1623,11,4,0.363636364,,,,
1624,9,4,0.444444444,,,,
1625,13,6,0.461538462,,,,
1626,6,3,0.5,,,,
1627,15,7,0.466666667,,,,
1628,14,5,0.357142857,,,,
1629,9,5,0.555555556,,,,
1630,12,7,0.583333333,,,,
1631,12,6,0.5,,,,
1632,13,7,0.538461538,,,,
1633,11,8,0.727272727,,,,
1634,9,4,0.444444444,,,,
1635,0,0,.,,,,
1636,3,2,0.666666667,,,,
1637,5,3,0.6,,,,
1638,0,0,.,,,,
1639,2,1,0.5,,,,
1640,2,2,1,,,,
1641,6,4,0.666666667,,,,
1642,2,2,1,,,,
1643,4,1,0.25,,,,
1644,2,1,0.5,,,,
1645,1,0,0,,,,
1646,7,5,0.714285714,,,,
1647,1,1,1,,,,
1648,2,0,0,,,,
1649,0,0,.,,,,
1650,4,2,0.5,,,,
1651,10,2,0.2,,,,
1652,1,1,1,,,,
1653,8,6,0.75,,,,
1654,2,0,0,,,,
1655,3,1,0.333333333,,,,
1656,2,1,0.5,,,,
1657,3,1,0.333333333,,,,
1658,1,0,0,,,,
1659,0,0,.,,,,
1660,0,0,.,,,,
1661,5,2,0.4,,,,
1662,3,2,0.666666667,,,,
1663,2,2,1,,,,
1664,1,1,1,,,,
1665,2,2,1,,,,
1666,0,0,.,,,,
1667,2,0,0,,,,
1668,2,2,1,,,,
1669,0,0,.,,,,
1670,0,0,.,,,,
1671,2,0,0,,,,
1672,1,0,0,,,,
1673,1,1,1,,,,
1674,2,1,0.5,,,,
1675,0,0,.,,,,
1676,3,1,0.333333333,,,,
1677,2,2,1,,,,
1678,3,0,0,,,,
1679,2,2,1,,,,
1680,2,1,0.5,,,,
1681,2,1,0.5,,,,
1682,5,2,0.4,,,,
1683,12,10,0.833333333,,,,
1684,7,5,0.714285714,,,,
1685,1,0,0,,,,
1686,5,3,0.6,,,,
1687,4,2,0.5,,,,
1688,2,2,1,,,,
1689,1,1,1,,,,
1690,1,0,0,,,,
1691,2,2,1,,,,
1692,0,0,.,,,,
,13065,5119,0.424318678,,,,
