Average,0.16437998,Weighted national average,,17.57,StatCompiler,17.6
,,,,,,
,,,,,,
,,,,,,
hv001,nonflaggedchildren,stuntedchildren,,,,
1,9,0,0,,,
2,5,0,0,,,
3,5,1,0.2,,,
4,7,0,0,,,
5,13,1,0.076923077,,,
6,14,4,0.285714286,,,
7,4,0,0,,,
8,6,1,0.166666667,,,
9,6,1,0.166666667,,,
10,5,2,0.4,,,
11,12,1,0.083333333,,,
12,16,2,0.125,,,
13,12,1,0.083333333,,,
14,9,1,0.111111111,,,
15,11,2,0.181818182,,,
16,11,3,0.272727273,,,
17,7,0,0,,,
18,7,0,0,,,
19,12,1,0.083333333,,,
20,6,0,0,,,
21,7,2,0.285714286,,,
22,8,1,0.125,,,
23,8,3,0.375,,,
24,8,1,0.125,,,
25,8,2,0.25,,,
26,3,0,0,,,
27,12,2,0.166666667,,,
28,20,4,0.2,,,
29,8,0,0,,,
30,8,1,0.125,,,
31,3,0,0,,,
32,7,1,0.142857143,,,
33,11,0,0,,,
34,3,0,0,,,
35,5,0,0,,,
36,15,3,0.2,,,
37,8,0,0,,,
38,13,0,0,,,
39,5,2,0.4,,,
40,10,0,0,,,
41,20,6,0.3,,,
42,15,1,0.066666667,,,
43,27,12,0.444444444,,,
44,22,5,0.227272727,,,
45,8,2,0.25,,,
46,18,3,0.166666667,,,
47,24,14,0.583333333,,,
48,25,3,0.12,,,
49,4,0,0,,,
50,28,10,0.357142857,,,
51,9,2,0.222222222,,,
52,14,1,0.071428571,,,
53,17,7,0.411764706,,,
54,14,0,0,,,
55,10,3,0.3,,,
56,10,1,0.1,,,
57,1,0,0,,,
58,7,1,0.142857143,,,
59,7,1,0.142857143,,,
60,6,0,0,,,
61,6,3,0.5,,,
62,10,3,0.3,,,
63,5,0,0,,,
64,8,0,0,,,
65,15,1,0.066666667,,,
66,8,2,0.25,,,
67,9,2,0.222222222,,,
68,16,6,0.375,,,
69,22,6,0.272727273,,,
70,13,2,0.153846154,,,
71,10,0,0,,,
72,23,2,0.086956522,,,
73,8,4,0.5,,,
74,15,7,0.466666667,,,
75,15,9,0.6,,,
76,21,12,0.571428571,,,
77,15,6,0.4,,,
78,12,5,0.416666667,,,
79,15,7,0.466666667,,,
80,7,2,0.285714286,,,
81,5,3,0.6,,,
82,16,7,0.4375,,,
83,9,1,0.111111111,,,
84,12,7,0.583333333,,,
85,10,2,0.2,,,
86,3,1,0.333333333,,,
87,6,1,0.166666667,,,
88,9,4,0.444444444,,,
89,18,9,0.5,,,
90,4,1,0.25,,,
91,14,4,0.285714286,,,
92,11,1,0.090909091,,,
93,6,1,0.166666667,,,
94,4,0,0,,,
95,3,0,0,,,
96,10,2,0.2,,,
97,27,13,0.481481481,,,
98,29,11,0.379310345,,,
99,20,4,0.2,,,
100,12,8,0.666666667,,,
101,11,2,0.181818182,,,
102,6,2,0.333333333,,,
103,6,0,0,,,
104,14,3,0.214285714,,,
105,7,0,0,,,
106,4,0,0,,,
107,7,2,0.285714286,,,
108,1,0,0,,,
109,16,4,0.25,,,
110,10,3,0.3,,,
111,13,1,0.076923077,,,
112,22,8,0.363636364,,,
113,23,4,0.173913043,,,
114,14,2,0.142857143,,,
115,22,5,0.227272727,,,
116,18,5,0.277777778,,,
117,19,8,0.421052632,,,
118,20,0,0,,,
119,14,2,0.142857143,,,
120,17,5,0.294117647,,,
121,24,4,0.166666667,,,
122,25,2,0.08,,,
123,22,1,0.045454545,,,
124,23,6,0.260869565,,,
125,29,7,0.24137931,,,
126,12,2,0.166666667,,,
127,23,7,0.304347826,,,
128,11,3,0.272727273,,,
129,15,5,0.333333333,,,
130,9,0,0,,,
131,19,6,0.315789474,,,
132,21,8,0.380952381,,,
133,18,2,0.111111111,,,
134,23,3,0.130434783,,,
135,30,5,0.166666667,,,
136,34,12,0.352941176,,,
137,23,5,0.217391304,,,
138,14,3,0.214285714,,,
139,17,1,0.058823529,,,
140,5,0,0,,,
141,16,7,0.4375,,,
142,6,0,0,,,
143,26,3,0.115384615,,,
144,18,3,0.166666667,,,
145,16,5,0.3125,,,
146,13,2,0.153846154,,,
147,23,8,0.347826087,,,
148,15,3,0.2,,,
149,19,2,0.105263158,,,
150,9,0,0,,,
151,15,2,0.133333333,,,
152,12,2,0.166666667,,,
153,6,0,0,,,
154,12,0,0,,,
155,7,0,0,,,
156,7,2,0.285714286,,,
157,12,0,0,,,
158,9,2,0.222222222,,,
159,12,2,0.166666667,,,
160,13,5,0.384615385,,,
161,16,4,0.25,,,
162,27,1,0.037037037,,,
163,9,0,0,,,
164,8,1,0.125,,,
165,22,8,0.363636364,,,
166,9,0,0,,,
167,13,2,0.153846154,,,
168,7,1,0.142857143,,,
169,11,0,0,,,
170,1,0,0,,,
171,16,1,0.0625,,,
172,15,1,0.066666667,,,
173,14,3,0.214285714,,,
174,11,2,0.181818182,,,
175,27,12,0.444444444,,,
176,10,4,0.4,,,
177,7,1,0.142857143,,,
178,9,3,0.333333333,,,
179,9,0,0,,,
180,13,5,0.384615385,,,
181,9,1,0.111111111,,,
182,9,2,0.222222222,,,
183,11,5,0.454545455,,,
184,3,1,0.333333333,,,
185,13,0,0,,,
186,11,0,0,,,
187,5,0,0,,,
188,9,3,0.333333333,,,
189,13,3,0.230769231,,,
190,6,3,0.5,,,
191,11,1,0.090909091,,,
192,7,0,0,,,
193,11,0,0,,,
194,11,4,0.363636364,,,
195,9,4,0.444444444,,,
196,11,2,0.181818182,,,
197,7,0,0,,,
198,11,1,0.090909091,,,
199,2,1,0.5,,,
200,9,1,0.111111111,,,
201,6,1,0.166666667,,,
202,6,1,0.166666667,,,
203,4,1,0.25,,,
204,6,1,0.166666667,,,
205,4,0,0,,,
206,6,2,0.333333333,,,
207,6,0,0,,,
208,5,0,0,,,
209,27,4,0.148148148,,,
210,21,1,0.047619048,,,
211,22,1,0.045454545,,,
212,19,1,0.052631579,,,
213,13,1,0.076923077,,,
214,32,3,0.09375,,,
215,18,1,0.055555556,,,
216,25,1,0.04,,,
217,25,6,0.24,,,
218,9,0,0,,,
219,5,0,0,,,
220,19,2,0.105263158,,,
221,10,0,0,,,
222,11,0,0,,,
223,11,2,0.181818182,,,
224,24,0,0,,,
225,24,3,0.125,,,
226,11,1,0.090909091,,,
227,25,1,0.04,,,
228,27,3,0.111111111,,,
229,28,3,0.107142857,,,
230,9,2,0.222222222,,,
231,16,0,0,,,
232,7,2,0.285714286,,,
233,12,0,0,,,
234,20,4,0.2,,,
235,19,0,0,,,
236,5,1,0.2,,,
237,29,3,0.103448276,,,
238,12,2,0.166666667,,,
239,15,1,0.066666667,,,
240,10,1,0.1,,,
241,8,0,0,,,
242,10,2,0.2,,,
243,29,5,0.172413793,,,
244,20,1,0.05,,,
245,27,4,0.148148148,,,
246,33,4,0.121212121,,,
247,10,1,0.1,,,
248,9,1,0.111111111,,,
249,8,0,0,,,
250,17,2,0.117647059,,,
251,14,1,0.071428571,,,
252,22,2,0.090909091,,,
253,6,0,0,,,
254,19,0,0,,,
255,20,3,0.15,,,
256,25,4,0.16,,,
257,22,2,0.090909091,,,
258,13,1,0.076923077,,,
259,6,2,0.333333333,,,
260,14,1,0.071428571,,,
261,31,4,0.129032258,,,
262,32,4,0.125,,,
263,13,3,0.230769231,,,
264,25,1,0.04,,,
265,13,2,0.153846154,,,
266,23,0,0,,,
267,27,3,0.111111111,,,
268,11,1,0.090909091,,,
269,14,0,0,,,
270,19,1,0.052631579,,,
271,4,0,0,,,
272,14,3,0.214285714,,,
273,25,2,0.08,,,
274,23,1,0.043478261,,,
275,24,5,0.208333333,,,
276,24,6,0.25,,,
277,29,6,0.206896552,,,
278,32,9,0.28125,,,
279,27,7,0.259259259,,,
280,22,1,0.045454545,,,
281,27,6,0.222222222,,,
282,28,8,0.285714286,,,
283,30,6,0.2,,,
284,27,6,0.222222222,,,
285,29,9,0.310344828,,,
286,33,12,0.363636364,,,
287,29,4,0.137931034,,,
288,15,4,0.266666667,,,
289,34,9,0.264705882,,,
290,27,3,0.111111111,,,
291,26,3,0.115384615,,,
292,33,0,0,,,
293,17,5,0.294117647,,,
294,26,4,0.153846154,,,
295,31,8,0.258064516,,,
296,31,9,0.290322581,,,
297,22,5,0.227272727,,,
298,32,9,0.28125,,,
299,18,3,0.166666667,,,
300,48,13,0.270833333,,,
301,25,6,0.24,,,
302,14,1,0.071428571,,,
303,17,2,0.117647059,,,
304,27,3,0.111111111,,,
305,19,1,0.052631579,,,
307,10,1,0.1,,,
308,23,1,0.043478261,,,
309,29,11,0.379310345,,,
310,28,3,0.107142857,,,
311,14,3,0.214285714,,,
312,21,9,0.428571429,,,
313,13,0,0,,,
314,27,6,0.222222222,,,
315,10,0,0,,,
316,9,1,0.111111111,,,
317,14,1,0.071428571,,,
318,7,1,0.142857143,,,
319,8,0,0,,,
320,9,2,0.222222222,,,
321,8,1,0.125,,,
322,21,2,0.095238095,,,
323,17,4,0.235294118,,,
324,16,0,0,,,
325,26,8,0.307692308,,,
326,21,5,0.238095238,,,
327,15,0,0,,,
328,15,1,0.066666667,,,
329,19,1,0.052631579,,,
330,22,3,0.136363636,,,
331,26,2,0.076923077,,,
332,19,3,0.157894737,,,
333,23,4,0.173913043,,,
334,14,2,0.142857143,,,
335,14,0,0,,,
336,25,4,0.16,,,
337,22,4,0.181818182,,,
338,9,0,0,,,
339,15,5,0.333333333,,,
340,20,5,0.25,,,
341,14,2,0.142857143,,,
342,12,0,0,,,
343,12,5,0.416666667,,,
344,24,2,0.083333333,,,
345,13,1,0.076923077,,,
346,14,3,0.214285714,,,
347,23,7,0.304347826,,,
348,16,3,0.1875,,,
349,18,4,0.222222222,,,
350,14,0,0,,,
351,23,4,0.173913043,,,
352,8,3,0.375,,,
353,26,4,0.153846154,,,
354,23,6,0.260869565,,,
355,29,3,0.103448276,,,
356,19,4,0.210526316,,,
357,8,0,0,,,
358,11,3,0.272727273,,,
359,4,0,0,,,
360,9,0,0,,,
361,3,1,0.333333333,,,
362,11,0,0,,,
363,10,1,0.1,,,
364,6,1,0.166666667,,,
365,15,0,0,,,
366,7,0,0,,,
367,17,0,0,,,
368,24,0,0,,,
369,21,5,0.238095238,,,
370,18,9,0.5,,,
371,16,6,0.375,,,
372,12,2,0.166666667,,,
373,23,3,0.130434783,,,
374,11,0,0,,,
375,10,1,0.1,,,
376,14,1,0.071428571,,,
377,3,0,0,,,
378,13,0,0,,,
379,7,1,0.142857143,,,
380,6,3,0.5,,,
381,6,1,0.166666667,,,
382,17,10,0.588235294,,,
383,12,5,0.416666667,,,
384,11,5,0.454545455,,,
385,4,0,0,,,
386,5,2,0.4,,,
387,7,1,0.142857143,,,
388,8,2,0.25,,,
389,14,7,0.5,,,
390,10,3,0.3,,,
391,11,1,0.090909091,,,
392,9,0,0,,,
393,13,5,0.384615385,,,
394,4,1,0.25,,,
395,7,1,0.142857143,,,
396,6,2,0.333333333,,,
397,7,3,0.428571429,,,
398,4,1,0.25,,,
399,3,0,0,,,
400,9,2,0.222222222,,,
401,4,0,0,,,
402,3,0,0,,,
403,6,0,0,,,
404,7,1,0.142857143,,,
405,5,0,0,,,
406,8,1,0.125,,,
407,8,0,0,,,
408,10,1,0.1,,,
409,8,2,0.25,,,
410,11,1,0.090909091,,,
411,12,5,0.416666667,,,
412,9,4,0.444444444,,,
413,7,1,0.142857143,,,
414,10,2,0.2,,,
415,6,3,0.5,,,
416,8,2,0.25,,,
417,7,0,0,,,
418,9,0,0,,,
419,5,1,0.2,,,
420,6,0,0,,,
421,10,3,0.3,,,
422,7,0,0,,,
423,7,1,0.142857143,,,
424,10,0,0,,,
425,10,1,0.1,,,
426,7,2,0.285714286,,,
427,13,2,0.153846154,,,
428,11,2,0.181818182,,,
429,16,5,0.3125,,,
430,4,0,0,,,
431,2,0,0,,,
432,12,1,0.083333333,,,
433,5,1,0.2,,,
434,10,2,0.2,,,
435,5,1,0.2,,,
436,13,2,0.153846154,,,
437,2,0,0,,,
438,7,2,0.285714286,,,
439,10,0,0,,,
440,7,2,0.285714286,,,
441,14,5,0.357142857,,,
442,8,2,0.25,,,
443,6,3,0.5,,,
444,11,2,0.181818182,,,
445,11,3,0.272727273,,,
446,16,4,0.25,,,
447,8,4,0.5,,,
448,5,1,0.2,,,
449,11,0,0,,,
450,8,0,0,,,
451,3,1,0.333333333,,,
452,5,0,0,,,
453,3,1,0.333333333,,,
454,5,1,0.2,,,
455,12,1,0.083333333,,,
456,5,1,0.2,,,
457,3,2,0.666666667,,,
458,9,3,0.333333333,,,
459,8,1,0.125,,,
460,4,1,0.25,,,
461,6,0,0,,,
462,13,1,0.076923077,,,
463,6,0,0,,,
464,5,0,0,,,
465,5,0,0,,,
466,8,1,0.125,,,
467,4,0,0,,,
468,4,0,0,,,
469,5,0,0,,,
470,5,0,0,,,
471,11,3,0.272727273,,,
472,9,0,0,,,
473,7,3,0.428571429,,,
474,9,2,0.222222222,,,
475,10,4,0.4,,,
476,13,5,0.384615385,,,
477,16,2,0.125,,,
478,8,2,0.25,,,
479,13,2,0.153846154,,,
480,4,0,0,,,
481,6,4,0.666666667,,,
482,7,2,0.285714286,,,
483,8,0,0,,,
484,9,3,0.333333333,,,
485,7,3,0.428571429,,,
486,6,0,0,,,
487,15,7,0.466666667,,,
488,7,1,0.142857143,,,
489,6,2,0.333333333,,,
490,9,1,0.111111111,,,
491,9,0,0,,,
492,5,1,0.2,,,
493,6,3,0.5,,,
494,4,2,0.5,,,
495,4,0,0,,,
496,10,5,0.5,,,
497,11,1,0.090909091,,,
498,8,1,0.125,,,
499,2,0,0,,,
500,9,3,0.333333333,,,
501,2,0,0,,,
502,10,3,0.3,,,
503,5,0,0,,,
504,20,6,0.3,,,
505,18,3,0.166666667,,,
506,11,4,0.363636364,,,
507,16,4,0.25,,,
508,5,3,0.6,,,
509,8,0,0,,,
510,11,5,0.454545455,,,
511,13,3,0.230769231,,,
512,10,3,0.3,,,
513,16,5,0.3125,,,
514,9,1,0.111111111,,,
515,21,3,0.142857143,,,
516,15,2,0.133333333,,,
517,9,6,0.666666667,,,
518,15,7,0.466666667,,,
519,12,0,0,,,
520,4,1,0.25,,,
521,6,1,0.166666667,,,
522,8,1,0.125,,,
523,8,2,0.25,,,
524,9,2,0.222222222,,,
525,5,0,0,,,
526,6,0,0,,,
527,6,0,0,,,
528,10,1,0.1,,,
529,11,1,0.090909091,,,
530,5,0,0,,,
531,6,1,0.166666667,,,
532,5,1,0.2,,,
533,9,0,0,,,
534,3,1,0.333333333,,,
535,7,2,0.285714286,,,
536,7,0,0,,,
537,7,0,0,,,
538,2,1,0.5,,,
539,9,1,0.111111111,,,
540,9,1,0.111111111,,,
541,4,2,0.5,,,
542,6,0,0,,,
543,13,2,0.153846154,,,
544,7,2,0.285714286,,,
545,13,4,0.307692308,,,
546,10,0,0,,,
547,14,3,0.214285714,,,
548,11,0,0,,,
549,6,4,0.666666667,,,
550,4,0,0,,,
551,5,0,0,,,
552,6,2,0.333333333,,,
553,10,4,0.4,,,
554,6,1,0.166666667,,,
555,9,3,0.333333333,,,
556,7,0,0,,,
557,11,0,0,,,
558,2,0,0,,,
559,12,1,0.083333333,,,
560,4,0,0,,,
561,11,2,0.181818182,,,
562,10,2,0.2,,,
563,19,4,0.210526316,,,
564,15,6,0.4,,,
565,7,2,0.285714286,,,
566,9,4,0.444444444,,,
567,5,2,0.4,,,
568,10,2,0.2,,,
569,15,4,0.266666667,,,
570,10,0,0,,,
571,8,3,0.375,,,
572,4,0,0,,,
573,14,4,0.285714286,,,
574,11,1,0.090909091,,,
575,1,0,0,,,
576,11,0,0,,,
577,2,0,0,,,
578,11,1,0.090909091,,,
579,4,1,0.25,,,
580,10,2,0.2,,,
581,8,3,0.375,,,
582,14,2,0.142857143,,,
583,9,2,0.222222222,,,
584,3,1,0.333333333,,,
585,4,1,0.25,,,
586,8,1,0.125,,,
587,9,1,0.111111111,,,
588,7,1,0.142857143,,,
589,19,4,0.210526316,,,
590,6,3,0.5,,,
591,12,0,0,,,
592,9,1,0.111111111,,,
593,16,1,0.0625,,,
594,9,2,0.222222222,,,
595,4,0,0,,,
596,10,1,0.1,,,
597,8,0,0,,,
598,8,2,0.25,,,
599,6,1,0.166666667,,,
600,8,0,0,,,
601,8,3,0.375,,,
602,6,2,0.333333333,,,
603,7,1,0.142857143,,,
604,10,2,0.2,,,
605,11,2,0.181818182,,,
606,10,4,0.4,,,
607,9,0,0,,,
608,11,1,0.090909091,,,
609,5,0,0,,,
610,16,1,0.0625,,,
611,8,5,0.625,,,
612,4,1,0.25,,,
613,11,1,0.090909091,,,
614,7,2,0.285714286,,,
615,5,1,0.2,,,
616,9,0,0,,,
617,7,0,0,,,
618,9,2,0.222222222,,,
619,13,2,0.153846154,,,
620,8,3,0.375,,,
621,9,1,0.111111111,,,
622,8,0,0,,,
623,10,3,0.3,,,
624,5,2,0.4,,,
625,10,1,0.1,,,
626,2,0,0,,,
627,4,0,0,,,
628,5,1,0.2,,,
629,8,0,0,,,
630,10,1,0.1,,,
631,6,0,0,,,
632,5,1,0.2,,,
633,2,0,0,,,
634,5,0,0,,,
635,11,2,0.181818182,,,
636,13,2,0.153846154,,,
637,8,2,0.25,,,
638,6,3,0.5,,,
639,5,1,0.2,,,
640,6,1,0.166666667,,,
641,8,0,0,,,
642,6,0,0,,,
643,4,0,0,,,
644,6,0,0,,,
645,0,0,.,,,
646,6,0,0,,,
647,7,0,0,,,
648,10,0,0,,,
649,7,1,0.142857143,,,
650,8,1,0.125,,,
651,4,1,0.25,,,
652,12,4,0.333333333,,,
653,8,1,0.125,,,
654,6,0,0,,,
655,7,1,0.142857143,,,
656,3,0,0,,,
657,10,5,0.5,,,
658,3,0,0,,,
659,2,1,0.5,,,
660,3,0,0,,,
661,11,1,0.090909091,,,
662,8,0,0,,,
663,9,2,0.222222222,,,
664,8,1,0.125,,,
665,10,2,0.2,,,
666,7,1,0.142857143,,,
667,8,0,0,,,
668,6,0,0,,,
669,4,1,0.25,,,
670,7,2,0.285714286,,,
671,6,2,0.333333333,,,
672,4,0,0,,,
673,3,0,0,,,
674,7,0,0,,,
675,10,3,0.3,,,
676,6,0,0,,,
677,8,2,0.25,,,
678,6,0,0,,,
679,8,0,0,,,
680,4,1,0.25,,,
681,5,0,0,,,
682,10,0,0,,,
683,8,2,0.25,,,
684,2,0,0,,,
685,15,2,0.133333333,,,
686,11,0,0,,,
687,7,1,0.142857143,,,
688,7,0,0,,,
689,13,1,0.076923077,,,
690,8,2,0.25,,,
691,4,0,0,,,
692,8,2,0.25,,,
693,9,2,0.222222222,,,
694,7,1,0.142857143,,,
695,11,1,0.090909091,,,
696,8,0,0,,,
697,8,0,0,,,
698,7,0,0,,,
699,3,0,0,,,
700,12,2,0.166666667,,,
701,5,0,0,,,
702,6,0,0,,,
703,10,1,0.1,,,
704,8,2,0.25,,,
705,6,0,0,,,
706,9,1,0.111111111,,,
707,4,0,0,,,
708,4,0,0,,,
709,8,2,0.25,,,
710,10,1,0.1,,,
711,10,0,0,,,
712,7,1,0.142857143,,,
713,7,2,0.285714286,,,
714,2,1,0.5,,,
715,7,0,0,,,
716,12,4,0.333333333,,,
717,6,0,0,,,
718,12,2,0.166666667,,,
719,5,0,0,,,
720,9,1,0.111111111,,,
721,9,1,0.111111111,,,
722,9,0,0,,,
723,9,0,0,,,
724,7,1,0.142857143,,,
725,6,0,0,,,
726,6,0,0,,,
727,10,0,0,,,
728,8,2,0.25,,,
729,3,0,0,,,
730,9,1,0.111111111,,,
731,7,1,0.142857143,,,
732,8,1,0.125,,,
733,6,0,0,,,
734,8,0,0,,,
735,4,1,0.25,,,
736,6,2,0.333333333,,,
737,9,2,0.222222222,,,
738,7,1,0.142857143,,,
739,10,0,0,,,
740,8,0,0,,,
741,2,0,0,,,
742,7,0,0,,,
743,11,0,0,,,
744,6,1,0.166666667,,,
745,9,1,0.111111111,,,
746,4,0,0,,,
747,6,0,0,,,
748,10,0,0,,,
749,10,1,0.1,,,
750,7,1,0.142857143,,,
751,7,1,0.142857143,,,
752,10,2,0.2,,,
753,10,4,0.4,,,
754,4,1,0.25,,,
755,5,0,0,,,
756,11,1,0.090909091,,,
757,4,0,0,,,
758,5,0,0,,,
759,14,4,0.285714286,,,
760,8,1,0.125,,,
761,6,0,0,,,
762,6,0,0,,,
763,8,4,0.5,,,
764,11,1,0.090909091,,,
765,7,1,0.142857143,,,
766,5,2,0.4,,,
767,9,0,0,,,
768,6,0,0,,,
769,6,0,0,,,
770,9,1,0.111111111,,,
771,7,3,0.428571429,,,
772,4,0,0,,,
773,5,0,0,,,
774,7,3,0.428571429,,,
775,18,7,0.388888889,,,
776,6,2,0.333333333,,,
777,10,1,0.1,,,
778,29,7,0.24137931,,,
779,29,9,0.310344828,,,
780,19,5,0.263157895,,,
781,17,3,0.176470588,,,
782,20,5,0.25,,,
783,11,1,0.090909091,,,
784,16,3,0.1875,,,
785,9,2,0.222222222,,,
786,7,1,0.142857143,,,
787,15,0,0,,,
788,14,5,0.357142857,,,
789,10,2,0.2,,,
790,11,1,0.090909091,,,
791,17,4,0.235294118,,,
792,18,3,0.166666667,,,
793,23,10,0.434782609,,,
794,24,4,0.166666667,,,
795,10,2,0.2,,,
796,8,2,0.25,,,
797,14,1,0.071428571,,,
798,24,6,0.25,,,
799,30,2,0.066666667,,,
800,11,2,0.181818182,,,
801,23,4,0.173913043,,,
802,20,4,0.2,,,
803,7,1,0.142857143,,,
804,14,4,0.285714286,,,
805,30,12,0.4,,,
806,8,0,0,,,
807,21,2,0.095238095,,,
808,18,4,0.222222222,,,
809,10,4,0.4,,,
810,15,5,0.333333333,,,
811,26,10,0.384615385,,,
812,21,9,0.428571429,,,
813,12,5,0.416666667,,,
814,33,14,0.424242424,,,
815,40,14,0.35,,,
816,32,10,0.3125,,,
817,26,8,0.307692308,,,
818,33,10,0.303030303,,,
819,33,8,0.242424242,,,
820,31,6,0.193548387,,,
821,15,7,0.466666667,,,
822,29,8,0.275862069,,,
823,29,12,0.413793103,,,
824,28,11,0.392857143,,,
825,18,5,0.277777778,,,
826,28,16,0.571428571,,,
827,32,7,0.21875,,,
828,30,15,0.5,,,
829,23,8,0.347826087,,,
830,16,6,0.375,,,
831,28,12,0.428571429,,,
832,25,10,0.4,,,
833,29,12,0.413793103,,,
834,24,5,0.208333333,,,
835,17,5,0.294117647,,,
836,17,4,0.235294118,,,
837,21,5,0.238095238,,,
838,12,3,0.25,,,
839,4,0,0,,,
840,14,1,0.071428571,,,
841,25,11,0.44,,,
842,8,0,0,,,
843,13,1,0.076923077,,,
844,18,7,0.388888889,,,
845,12,3,0.25,,,
846,28,7,0.25,,,
847,27,12,0.444444444,,,
848,3,1,0.333333333,,,
849,9,3,0.333333333,,,
850,11,1,0.090909091,,,
851,14,1,0.071428571,,,
852,14,3,0.214285714,,,
853,28,8,0.285714286,,,
854,12,3,0.25,,,
855,13,2,0.153846154,,,
856,10,1,0.1,,,
857,22,12,0.545454545,,,
858,23,7,0.304347826,,,
859,19,5,0.263157895,,,
860,8,0,0,,,
861,28,13,0.464285714,,,
862,20,12,0.6,,,
863,7,0,0,,,
864,19,10,0.526315789,,,
865,24,12,0.5,,,
866,15,3,0.2,,,
867,12,3,0.25,,,
868,17,5,0.294117647,,,
869,30,9,0.3,,,
870,14,2,0.142857143,,,
871,14,4,0.285714286,,,
872,4,1,0.25,,,
873,11,0,0,,,
874,17,8,0.470588235,,,
875,21,6,0.285714286,,,
876,22,5,0.227272727,,,
877,26,2,0.076923077,,,
878,30,10,0.333333333,,,
879,34,13,0.382352941,,,
880,10,1,0.1,,,
881,15,8,0.533333333,,,
882,16,5,0.3125,,,
883,8,4,0.5,,,
884,5,3,0.6,,,
885,9,1,0.111111111,,,
886,6,1,0.166666667,,,
887,12,0,0,,,
888,12,2,0.166666667,,,
889,9,2,0.222222222,,,
890,18,3,0.166666667,,,
891,9,1,0.111111111,,,
892,16,1,0.0625,,,
893,14,3,0.214285714,,,
894,14,2,0.142857143,,,
895,7,1,0.142857143,,,
896,11,3,0.272727273,,,
897,13,5,0.384615385,,,
898,5,1,0.2,,,
899,12,2,0.166666667,,,
900,9,0,0,,,
901,11,5,0.454545455,,,
902,21,1,0.047619048,,,
903,18,5,0.277777778,,,
904,12,4,0.333333333,,,
905,6,0,0,,,
906,10,0,0,,,
907,10,2,0.2,,,
908,9,2,0.222222222,,,
909,18,3,0.166666667,,,
910,8,0,0,,,
911,8,1,0.125,,,
912,8,1,0.125,,,
913,10,1,0.1,,,
914,8,1,0.125,,,
915,13,1,0.076923077,,,
916,8,1,0.125,,,
917,2,0,0,,,
918,5,0,0,,,
919,11,3,0.272727273,,,
920,7,2,0.285714286,,,
921,13,0,0,,,
922,7,0,0,,,
923,15,3,0.2,,,
924,6,0,0,,,
925,11,0,0,,,
926,6,1,0.166666667,,,
927,9,1,0.111111111,,,
928,5,0,0,,,
929,10,2,0.2,,,
930,4,0,0,,,
931,13,3,0.230769231,,,
932,19,2,0.105263158,,,
933,8,1,0.125,,,
934,6,0,0,,,
935,10,1,0.1,,,
936,13,3,0.230769231,,,
937,17,5,0.294117647,,,
938,10,2,0.2,,,
939,6,0,0,,,
940,19,4,0.210526316,,,
941,21,1,0.047619048,,,
942,13,4,0.307692308,,,
943,11,1,0.090909091,,,
944,18,8,0.444444444,,,
945,23,2,0.086956522,,,
946,5,1,0.2,,,
947,8,0,0,,,
948,16,2,0.125,,,
949,6,0,0,,,
950,9,1,0.111111111,,,
951,11,2,0.181818182,,,
952,10,2,0.2,,,
953,10,3,0.3,,,
954,7,0,0,,,
955,13,1,0.076923077,,,
956,7,1,0.142857143,,,
957,11,4,0.363636364,,,
958,9,1,0.111111111,,,
959,10,0,0,,,
960,13,1,0.076923077,,,
961,15,1,0.066666667,,,
962,9,0,0,,,
963,15,2,0.133333333,,,
964,16,5,0.3125,,,
965,15,2,0.133333333,,,
966,9,2,0.222222222,,,
967,4,0,0,,,
968,14,1,0.071428571,,,
969,18,7,0.388888889,,,
970,20,4,0.2,,,
971,12,2,0.166666667,,,
972,11,2,0.181818182,,,
973,13,2,0.153846154,,,
974,17,6,0.352941176,,,
975,10,5,0.5,,,
976,14,3,0.214285714,,,
977,9,1,0.111111111,,,
978,14,2,0.142857143,,,
979,20,8,0.4,,,
980,5,0,0,,,
981,13,4,0.307692308,,,
982,10,1,0.1,,,
983,10,4,0.4,,,
984,17,6,0.352941176,,,
985,21,6,0.285714286,,,
986,9,0,0,,,
987,9,0,0,,,
988,8,0,0,,,
989,13,4,0.307692308,,,
990,6,0,0,,,
991,11,2,0.181818182,,,
992,14,5,0.357142857,,,
993,17,2,0.117647059,,,
994,12,1,0.083333333,,,
995,6,0,0,,,
996,12,0,0,,,
997,14,0,0,,,
998,14,5,0.357142857,,,
999,9,1,0.111111111,,,
1000,11,0,0,,,
1001,9,1,0.111111111,,,
1002,11,1,0.090909091,,,
1003,11,0,0,,,
1004,4,2,0.5,,,
1005,3,0,0,,,
1006,2,0,0,,,
1007,10,4,0.4,,,
1008,9,1,0.111111111,,,
1009,21,5,0.238095238,,,
1010,15,5,0.333333333,,,
1011,16,1,0.0625,,,
1012,9,3,0.333333333,,,
1013,9,1,0.111111111,,,
1014,11,0,0,,,
1015,15,2,0.133333333,,,
1016,5,0,0,,,
1017,15,2,0.133333333,,,
1018,14,3,0.214285714,,,
1019,15,0,0,,,
1020,14,6,0.428571429,,,
1021,12,3,0.25,,,
1022,11,4,0.363636364,,,
1023,5,1,0.2,,,
1024,2,1,0.5,,,
1025,12,1,0.083333333,,,
1026,9,2,0.222222222,,,
1027,16,3,0.1875,,,
1028,20,3,0.15,,,
1029,18,4,0.222222222,,,
1030,10,3,0.3,,,
1031,20,3,0.15,,,
1032,8,1,0.125,,,
1033,15,3,0.2,,,
1034,11,3,0.272727273,,,
1035,9,3,0.333333333,,,
1036,9,0,0,,,
1037,12,1,0.083333333,,,
1038,9,1,0.111111111,,,
1039,6,1,0.166666667,,,
1040,8,1,0.125,,,
1041,12,3,0.25,,,
1042,13,2,0.153846154,,,
1043,11,3,0.272727273,,,
1044,14,3,0.214285714,,,
1045,11,0,0,,,
1046,5,1,0.2,,,
1047,19,5,0.263157895,,,
1048,30,10,0.333333333,,,
1049,15,3,0.2,,,
1050,12,2,0.166666667,,,
1051,6,0,0,,,
1052,22,3,0.136363636,,,
1053,22,9,0.409090909,,,
1054,32,7,0.21875,,,
1055,9,0,0,,,
1056,6,1,0.166666667,,,
1057,8,0,0,,,
1058,10,1,0.1,,,
1059,12,2,0.166666667,,,
1060,6,0,0,,,
1061,5,0,0,,,
1062,11,1,0.090909091,,,
1063,6,0,0,,,
1064,12,2,0.166666667,,,
1065,4,0,0,,,
1066,9,0,0,,,
1067,9,1,0.111111111,,,
1068,0,0,.,,,
1069,8,2,0.25,,,
1070,5,1,0.2,,,
1071,21,4,0.19047619,,,
1072,7,2,0.285714286,,,
1073,8,2,0.25,,,
1074,7,1,0.142857143,,,
1075,11,3,0.272727273,,,
1076,15,1,0.066666667,,,
1077,7,0,0,,,
1078,5,0,0,,,
1079,8,1,0.125,,,
1080,14,3,0.214285714,,,
1081,7,2,0.285714286,,,
1082,6,0,0,,,
1083,8,1,0.125,,,
1084,4,0,0,,,
1085,9,1,0.111111111,,,
1086,9,1,0.111111111,,,
1087,6,0,0,,,
1088,10,0,0,,,
1089,15,5,0.333333333,,,
1090,14,3,0.214285714,,,
1091,11,5,0.454545455,,,
1092,19,5,0.263157895,,,
1093,12,5,0.416666667,,,
1094,10,4,0.4,,,
1095,5,1,0.2,,,
1096,11,3,0.272727273,,,
1097,16,8,0.5,,,
1098,6,0,0,,,
1099,13,5,0.384615385,,,
1100,12,3,0.25,,,
1101,7,3,0.428571429,,,
1102,6,0,0,,,
1103,6,1,0.166666667,,,
1104,9,0,0,,,
1105,14,2,0.142857143,,,
1106,12,0,0,,,
1107,10,0,0,,,
1108,11,1,0.090909091,,,
1109,10,0,0,,,
1110,12,0,0,,,
1111,13,3,0.230769231,,,
1112,12,3,0.25,,,
1113,15,3,0.2,,,
1114,12,2,0.166666667,,,
1115,9,0,0,,,
1116,10,1,0.1,,,
1117,8,1,0.125,,,
1118,6,0,0,,,
1119,7,1,0.142857143,,,
1120,9,1,0.111111111,,,
1121,8,3,0.375,,,
1122,23,5,0.217391304,,,
1123,14,4,0.285714286,,,
1124,8,0,0,,,
1125,8,1,0.125,,,
1126,10,3,0.3,,,
1127,6,0,0,,,
1128,14,1,0.071428571,,,
1129,22,4,0.181818182,,,
1130,22,3,0.136363636,,,
1131,5,0,0,,,
1132,11,1,0.090909091,,,
1133,19,5,0.263157895,,,
1134,14,5,0.357142857,,,
1135,10,0,0,,,
1136,14,0,0,,,
1137,5,1,0.2,,,
1138,10,0,0,,,
1139,7,1,0.142857143,,,
1140,6,0,0,,,
1141,6,0,0,,,
1142,16,7,0.4375,,,
1143,21,7,0.333333333,,,
1144,17,3,0.176470588,,,
1145,16,4,0.25,,,
1146,17,6,0.352941176,,,
1147,31,7,0.225806452,,,
1148,7,2,0.285714286,,,
1149,10,2,0.2,,,
1150,12,5,0.416666667,,,
1151,25,6,0.24,,,
1152,17,3,0.176470588,,,
1153,12,3,0.25,,,
1154,30,2,0.066666667,,,
1155,17,4,0.235294118,,,
1156,19,4,0.210526316,,,
1157,21,1,0.047619048,,,
1158,13,4,0.307692308,,,
1159,14,5,0.357142857,,,
1160,25,7,0.28,,,
1161,22,7,0.318181818,,,
1162,13,1,0.076923077,,,
1163,12,1,0.083333333,,,
1164,24,2,0.083333333,,,
1165,6,0,0,,,
1166,4,0,0,,,
1167,13,2,0.153846154,,,
1168,4,1,0.25,,,
1169,9,3,0.333333333,,,
1170,7,1,0.142857143,,,
1171,5,3,0.6,,,
1172,5,0,0,,,
1173,9,0,0,,,
1174,8,0,0,,,
1175,22,4,0.181818182,,,
1176,6,2,0.333333333,,,
1177,10,1,0.1,,,
1178,11,0,0,,,
1179,8,0,0,,,
1180,9,3,0.333333333,,,
1181,11,1,0.090909091,,,
1182,10,0,0,,,
1183,9,1,0.111111111,,,
1184,5,2,0.4,,,
1185,4,1,0.25,,,
1186,9,0,0,,,
1187,9,0,0,,,
1188,13,0,0,,,
1189,14,2,0.142857143,,,
1190,16,0,0,,,
1191,27,5,0.185185185,,,
1192,28,7,0.25,,,
1193,27,5,0.185185185,,,
1194,14,2,0.142857143,,,
1195,9,1,0.111111111,,,
1196,6,2,0.333333333,,,
1197,10,5,0.5,,,
1198,19,5,0.263157895,,,
1199,10,1,0.1,,,
1200,8,4,0.5,,,
1201,13,0,0,,,
1202,15,2,0.133333333,,,
1203,11,1,0.090909091,,,
1204,6,0,0,,,
1205,5,1,0.2,,,
1206,15,2,0.133333333,,,
1207,4,2,0.5,,,
1208,13,4,0.307692308,,,
1209,12,2,0.166666667,,,
1210,9,2,0.222222222,,,
1211,10,0,0,,,
1212,10,0,0,,,
1213,17,3,0.176470588,,,
1214,15,1,0.066666667,,,
1215,5,0,0,,,
1216,5,0,0,,,
1217,14,3,0.214285714,,,
1218,6,0,0,,,
1219,17,2,0.117647059,,,
1220,6,0,0,,,
1221,10,4,0.4,,,
1222,6,0,0,,,
1223,9,2,0.222222222,,,
1224,1,0,0,,,
1225,8,0,0,,,
1226,12,0,0,,,
1227,15,5,0.333333333,,,
1228,16,7,0.4375,,,
1229,9,1,0.111111111,,,
1230,13,3,0.230769231,,,
1231,16,5,0.3125,,,
1232,12,4,0.333333333,,,
1233,16,3,0.1875,,,
1234,7,3,0.428571429,,,
1235,10,5,0.5,,,
1236,11,0,0,,,
1237,21,4,0.19047619,,,
1238,10,2,0.2,,,
1239,12,1,0.083333333,,,
1240,6,0,0,,,
1241,23,9,0.391304348,,,
1242,7,3,0.428571429,,,
1243,7,1,0.142857143,,,
1244,9,2,0.222222222,,,
1245,8,3,0.375,,,
1246,23,4,0.173913043,,,
1247,11,1,0.090909091,,,
1248,10,0,0,,,
1249,11,4,0.363636364,,,
1250,17,4,0.235294118,,,
1251,10,5,0.5,,,
1252,12,3,0.25,,,
1253,7,0,0,,,
1254,11,2,0.181818182,,,
1255,11,2,0.181818182,,,
1256,7,1,0.142857143,,,
1257,16,4,0.25,,,
1258,17,6,0.352941176,,,
1259,10,1,0.1,,,
1260,18,3,0.166666667,,,
1261,16,3,0.1875,,,
1262,12,1,0.083333333,,,
1263,15,3,0.2,,,
1264,5,1,0.2,,,
1265,20,2,0.1,,,
1266,12,4,0.333333333,,,
1267,14,3,0.214285714,,,
1268,10,3,0.3,,,
1269,8,1,0.125,,,
1270,4,2,0.5,,,
1271,6,2,0.333333333,,,
1272,11,5,0.454545455,,,
1273,4,0,0,,,
1274,10,3,0.3,,,
1275,12,1,0.083333333,,,
1276,9,2,0.222222222,,,
1277,7,3,0.428571429,,,
1278,15,2,0.133333333,,,
1279,6,3,0.5,,,
1280,7,1,0.142857143,,,
1281,8,0,0,,,
1282,14,2,0.142857143,,,
1283,6,0,0,,,
1284,8,0,0,,,
1285,6,0,0,,,
1286,12,0,0,,,
1287,15,3,0.2,,,
1288,13,2,0.153846154,,,
1289,10,0,0,,,
1290,10,1,0.1,,,
1291,4,0,0,,,
1292,13,2,0.153846154,,,
1293,10,1,0.1,,,
1294,10,0,0,,,
1295,8,0,0,,,
1296,19,1,0.052631579,,,
1297,14,1,0.071428571,,,
1298,9,1,0.111111111,,,
1299,10,1,0.1,,,
1300,11,0,0,,,
1301,12,1,0.083333333,,,
1302,15,1,0.066666667,,,
1303,16,2,0.125,,,
1304,17,3,0.176470588,,,
1305,13,4,0.307692308,,,
1306,7,1,0.142857143,,,
1307,13,2,0.153846154,,,
1308,10,0,0,,,
1309,18,3,0.166666667,,,
1310,10,1,0.1,,,
1311,21,2,0.095238095,,,
1312,7,0,0,,,
1313,11,1,0.090909091,,,
1314,7,2,0.285714286,,,
1315,12,0,0,,,
1316,5,1,0.2,,,
1317,10,3,0.3,,,
1318,10,1,0.1,,,
1319,9,2,0.222222222,,,
1320,10,2,0.2,,,
1321,15,2,0.133333333,,,
1322,7,1,0.142857143,,,
1323,11,2,0.181818182,,,
1324,7,3,0.428571429,,,
1325,9,0,0,,,
1326,16,2,0.125,,,
1327,16,7,0.4375,,,
1328,15,2,0.133333333,,,
1329,6,0,0,,,
1330,7,0,0,,,
1331,7,0,0,,,
1332,11,3,0.272727273,,,
1333,11,3,0.272727273,,,
1334,6,2,0.333333333,,,
1335,9,1,0.111111111,,,
1336,15,0,0,,,
1337,15,5,0.333333333,,,
1338,9,2,0.222222222,,,
1339,9,1,0.111111111,,,
1340,11,0,0,,,
1341,19,4,0.210526316,,,
1342,9,1,0.111111111,,,
1343,4,0,0,,,
1344,7,0,0,,,
1345,15,1,0.066666667,,,
1346,17,3,0.176470588,,,
1347,7,2,0.285714286,,,
1348,10,3,0.3,,,
1349,23,8,0.347826087,,,
1350,17,2,0.117647059,,,
1351,13,0,0,,,
1352,9,1,0.111111111,,,
1353,14,2,0.142857143,,,
1354,10,1,0.1,,,
1355,13,1,0.076923077,,,
1356,8,1,0.125,,,
1357,14,1,0.071428571,,,
1358,12,3,0.25,,,
1359,8,4,0.5,,,
1360,14,0,0,,,
1361,4,1,0.25,,,
1362,11,0,0,,,
1363,16,1,0.0625,,,
1364,14,0,0,,,
1365,15,4,0.266666667,,,
1366,7,0,0,,,
1367,8,1,0.125,,,
1368,7,1,0.142857143,,,
1369,18,8,0.444444444,,,
1370,10,2,0.2,,,
1371,17,6,0.352941176,,,
1372,16,5,0.3125,,,
1373,14,3,0.214285714,,,
1374,8,0,0,,,
1375,16,4,0.25,,,
1376,21,3,0.142857143,,,
1377,24,6,0.25,,,
1378,13,1,0.076923077,,,
1379,14,4,0.285714286,,,
1380,14,2,0.142857143,,,
1381,17,4,0.235294118,,,
1382,9,0,0,,,
1383,12,0,0,,,
1384,12,2,0.166666667,,,
1385,13,6,0.461538462,,,
1386,15,1,0.066666667,,,
1387,23,5,0.217391304,,,
1388,20,2,0.1,,,
1389,6,0,0,,,
1390,11,0,0,,,
1391,13,2,0.153846154,,,
1392,10,2,0.2,,,
1393,17,6,0.352941176,,,
1394,16,3,0.1875,,,
1395,12,1,0.083333333,,,
1396,13,5,0.384615385,,,
1397,11,1,0.090909091,,,
1398,13,5,0.384615385,,,
1399,22,1,0.045454545,,,
1400,12,1,0.083333333,,,
1401,12,2,0.166666667,,,
1402,7,0,0,,,
1403,12,2,0.166666667,,,
1404,13,4,0.307692308,,,
1405,9,0,0,,,
1406,10,1,0.1,,,
1407,10,2,0.2,,,
1408,13,1,0.076923077,,,
1409,19,1,0.052631579,,,
1410,15,1,0.066666667,,,
1411,15,3,0.2,,,
1412,23,4,0.173913043,,,
1413,17,2,0.117647059,,,
1414,17,1,0.058823529,,,
1415,20,3,0.15,,,
1416,17,2,0.117647059,,,
1417,12,2,0.166666667,,,
1418,10,1,0.1,,,
1419,8,3,0.375,,,
1420,15,3,0.2,,,
1421,17,3,0.176470588,,,
1422,11,3,0.272727273,,,
1423,11,3,0.272727273,,,
1424,12,0,0,,,
1425,12,1,0.083333333,,,
1426,6,1,0.166666667,,,
1427,12,0,0,,,
1428,14,3,0.214285714,,,
1429,14,2,0.142857143,,,
1430,4,0,0,,,
1431,25,9,0.36,,,
1432,16,8,0.5,,,
1433,9,3,0.333333333,,,
1434,9,1,0.111111111,,,
1435,10,1,0.1,,,
1436,7,1,0.142857143,,,
1437,11,2,0.181818182,,,
1438,8,2,0.25,,,
1439,9,1,0.111111111,,,
1440,9,1,0.111111111,,,
1441,11,2,0.181818182,,,
1442,8,0,0,,,
1443,11,2,0.181818182,,,
1444,11,2,0.181818182,,,
1445,8,1,0.125,,,
1446,9,1,0.111111111,,,
1447,8,3,0.375,,,
1448,10,2,0.2,,,
1449,9,2,0.222222222,,,
1450,16,5,0.3125,,,
1451,10,1,0.1,,,
1452,17,1,0.058823529,,,
1453,9,1,0.111111111,,,
1454,11,3,0.272727273,,,
1455,4,1,0.25,,,
1456,5,1,0.2,,,
1457,11,0,0,,,
1458,22,3,0.136363636,,,
1459,11,0,0,,,
1460,11,1,0.090909091,,,
1461,12,0,0,,,
1462,11,0,0,,,
1463,8,0,0,,,
1464,8,2,0.25,,,
1465,11,1,0.090909091,,,
1466,14,0,0,,,
1467,9,1,0.111111111,,,
1468,10,0,0,,,
1469,8,0,0,,,
1470,8,2,0.25,,,
1471,18,2,0.111111111,,,
1472,11,0,0,,,
1473,15,1,0.066666667,,,
1474,15,5,0.333333333,,,
1475,7,1,0.142857143,,,
1476,18,5,0.277777778,,,
1477,9,0,0,,,
1478,16,0,0,,,
1479,15,0,0,,,
1480,1,0,0,,,
1481,8,0,0,,,
1482,11,1,0.090909091,,,
1483,19,1,0.052631579,,,
1484,16,0,0,,,
1485,16,2,0.125,,,
1486,11,0,0,,,
1487,10,1,0.1,,,
1488,8,1,0.125,,,
1489,18,3,0.166666667,,,
1490,8,0,0,,,
1491,15,2,0.133333333,,,
1492,13,1,0.076923077,,,
1493,7,0,0,,,
1494,9,0,0,,,
1495,8,0,0,,,
1496,9,0,0,,,
1497,18,4,0.222222222,,,
1498,9,0,0,,,
1499,11,2,0.181818182,,,
1500,21,5,0.238095238,,,
1501,18,2,0.111111111,,,
1502,5,1,0.2,,,
1503,11,0,0,,,
1504,11,1,0.090909091,,,
1505,12,3,0.25,,,
1506,10,0,0,,,
1507,8,2,0.25,,,
1508,9,1,0.111111111,,,
1509,10,3,0.3,,,
1510,14,0,0,,,
1511,18,2,0.111111111,,,
1512,20,0,0,,,
1513,14,1,0.071428571,,,
1514,11,1,0.090909091,,,
1515,9,1,0.111111111,,,
1516,8,0,0,,,
1517,10,2,0.2,,,
1518,13,2,0.153846154,,,
1519,12,2,0.166666667,,,
1520,10,0,0,,,
1521,15,0,0,,,
1522,6,0,0,,,
1523,13,3,0.230769231,,,
1524,10,3,0.3,,,
1525,12,2,0.166666667,,,
1526,30,9,0.3,,,
1527,13,4,0.307692308,,,
1528,11,2,0.181818182,,,
1529,12,4,0.333333333,,,
1530,12,2,0.166666667,,,
1531,13,2,0.153846154,,,
1532,21,3,0.142857143,,,
1533,20,5,0.25,,,
1534,12,1,0.083333333,,,
1535,13,1,0.076923077,,,
1536,11,1,0.090909091,,,
1537,26,2,0.076923077,,,
1538,18,0,0,,,
1539,24,5,0.208333333,,,
1540,9,0,0,,,
1541,12,1,0.083333333,,,
1542,11,2,0.181818182,,,
1543,23,6,0.260869565,,,
1544,13,1,0.076923077,,,
1545,19,5,0.263157895,,,
1546,11,0,0,,,
1547,11,0,0,,,
1548,12,0,0,,,
1549,15,0,0,,,
1550,9,1,0.111111111,,,
1551,4,0,0,,,
1552,15,5,0.333333333,,,
1553,14,2,0.142857143,,,
1554,13,2,0.153846154,,,
1555,9,2,0.222222222,,,
1556,8,0,0,,,
1557,14,1,0.071428571,,,
1558,16,3,0.1875,,,
1559,24,5,0.208333333,,,
1560,14,1,0.071428571,,,
1561,9,0,0,,,
1562,10,2,0.2,,,
1563,10,2,0.2,,,
1564,13,3,0.230769231,,,
1565,12,1,0.083333333,,,
1566,11,2,0.181818182,,,
1567,11,2,0.181818182,,,
1568,15,0,0,,,
1569,9,2,0.222222222,,,
1570,8,0,0,,,
1571,11,1,0.090909091,,,
1572,9,2,0.222222222,,,
1573,9,0,0,,,
1574,12,3,0.25,,,
1575,12,3,0.25,,,
1576,2,1,0.5,,,
1577,4,1,0.25,,,
1578,8,1,0.125,,,
1579,9,0,0,,,
1580,12,1,0.083333333,,,
1581,9,0,0,,,
1582,19,3,0.157894737,,,
1583,12,1,0.083333333,,,
1584,7,2,0.285714286,,,
1585,7,0,0,,,
1586,11,0,0,,,
1587,1,0,0,,,
1588,9,2,0.222222222,,,
1589,9,3,0.333333333,,,
1590,11,1,0.090909091,,,
1591,9,2,0.222222222,,,
1592,10,1,0.1,,,
1593,11,0,0,,,
1594,9,2,0.222222222,,,
1595,7,4,0.571428571,,,
1596,15,5,0.333333333,,,
1597,14,3,0.214285714,,,
1598,13,2,0.153846154,,,
1599,7,2,0.285714286,,,
1600,8,2,0.25,,,
1601,8,1,0.125,,,
1602,6,0,0,,,
1603,6,0,0,,,
1604,13,1,0.076923077,,,
1605,5,0,0,,,
1606,8,1,0.125,,,
1607,6,1,0.166666667,,,
1608,4,1,0.25,,,
1609,6,1,0.166666667,,,
1610,10,0,0,,,
1611,14,3,0.214285714,,,
1612,10,1,0.1,,,
1613,11,0,0,,,
1614,6,0,0,,,
1615,14,3,0.214285714,,,
1616,7,2,0.285714286,,,
1617,7,1,0.142857143,,,
1618,7,2,0.285714286,,,
1619,7,2,0.285714286,,,
1620,9,0,0,,,
1621,4,1,0.25,,,
1622,6,1,0.166666667,,,
1623,13,0,0,,,
1624,5,1,0.2,,,
1625,8,1,0.125,,,
1626,1,0,0,,,
1627,12,2,0.166666667,,,
1628,19,5,0.263157895,,,
1629,9,1,0.111111111,,,
1630,7,0,0,,,
1631,16,5,0.3125,,,
1632,12,1,0.083333333,,,
1633,6,1,0.166666667,,,
1634,8,0,0,,,
1635,12,2,0.166666667,,,
1636,8,1,0.125,,,
1637,3,0,0,,,
1638,5,1,0.2,,,
1639,8,0,0,,,
1640,8,1,0.125,,,
1641,11,1,0.090909091,,,
1642,4,1,0.25,,,
1643,6,3,0.5,,,
1644,3,0,0,,,
1645,4,1,0.25,,,
1646,11,0,0,,,
1647,6,1,0.166666667,,,
1648,8,2,0.25,,,
1649,10,1,0.1,,,
1650,11,2,0.181818182,,,
1651,10,0,0,,,
1652,2,0,0,,,
1653,8,1,0.125,,,
1654,5,0,0,,,
1655,4,2,0.5,,,
1656,7,2,0.285714286,,,
1657,3,1,0.333333333,,,
1658,11,0,0,,,
1659,3,0,0,,,
1660,8,2,0.25,,,
1661,13,0,0,,,
1662,8,1,0.125,,,
1663,3,0,0,,,
1664,7,0,0,,,
1665,2,0,0,,,
1666,8,1,0.125,,,
1667,12,4,0.333333333,,,
1668,6,0,0,,,
1669,4,1,0.25,,,
1670,1,0,0,,,
1671,8,1,0.125,,,
1672,2,0,0,,,
1673,6,1,0.166666667,,,
1674,10,1,0.1,,,
1675,9,1,0.111111111,,,
1676,8,1,0.125,,,
1677,8,2,0.25,,,
1678,5,1,0.2,,,
1679,2,0,0,,,
1680,8,1,0.125,,,
1681,6,2,0.333333333,,,
1682,6,0,0,,,
1683,12,1,0.083333333,,,
1684,15,2,0.133333333,,,
1685,7,0,0,,,
1686,3,0,0,,,
1687,0,0,.,,,
1688,9,0,0,,,
1689,8,2,0.25,,,
1690,10,1,0.1,,,
1691,4,0,0,,,
1692,6,0,0,,,
,19853,3616,0.16437998,,,
